File,ChangedLines,BeforeMarkers,AfterMarkers,BeforeViet,AfterViet
"C:\Users\TEST4\qms.hesem.com.vn\01-QMS-Portal\index.html",1,4,3,508,508
"C:\Users\TEST4\qms.hesem.com.vn\01-QMS-Portal\scripts\portal\01-data-config.js",1,25,24,1177,1177
"C:\Users\TEST4\qms.hesem.com.vn\01-QMS-Portal\scripts\portal\02-state-auth-ui.js",6,25,12,1423,1436
"C:\Users\TEST4\qms.hesem.com.vn\01-QMS-Portal\scripts\portal\05-workflow-panel.js",1,3,2,345,345
"C:\Users\TEST4\qms.hesem.com.vn\01-QMS-Portal\scripts\portal\90-qrcodegen.js",1,1,0,9,9
"C:\Users\TEST4\qms.hesem.com.vn\01-QMS-Portal\site-map.html",1,5,4,535,535
"C:\Users\TEST4\qms.hesem.com.vn\01-QMS-Portal\styles\portal.main.css",1,1,0,1,1
"C:\Users\TEST4\qms.hesem.com.vn\02-Tai-Lieu-He-Thong\01-Quality-Manual\qms-man-001-qms-manual.html",1,15,14,1838,1838
"C:\Users\TEST4\qms.hesem.com.vn\02-Tai-Lieu-He-Thong\02-Policies-Objectives\pol-qms-002-quality-objectives.html",1,2,1,223,223
"C:\Users\TEST4\qms.hesem.com.vn\02-Tai-Lieu-He-Thong\03-Organization\02-Department-Handbooks\dept-ehs-handbook.html",1,19,18,1143,1143
"C:\Users\TEST4\qms.hesem.com.vn\02-Tai-Lieu-He-Thong\03-Organization\02-Department-Handbooks\dept-engineering-handbook.html",1,11,10,1064,1064
"C:\Users\TEST4\qms.hesem.com.vn\02-Tai-Lieu-He-Thong\03-Organization\02-Department-Handbooks\dept-epicor-handbook.html",1,7,6,943,943
"C:\Users\TEST4\qms.hesem.com.vn\02-Tai-Lieu-He-Thong\03-Organization\02-Department-Handbooks\dept-finance-handbook.html",1,9,8,1029,1029
"C:\Users\TEST4\qms.hesem.com.vn\02-Tai-Lieu-He-Thong\03-Organization\02-Department-Handbooks\dept-hr-handbook.html",1,35,34,1312,1312
"C:\Users\TEST4\qms.hesem.com.vn\02-Tai-Lieu-He-Thong\03-Organization\02-Department-Handbooks\dept-it-handbook.html",1,7,6,950,950
"C:\Users\TEST4\qms.hesem.com.vn\02-Tai-Lieu-He-Thong\03-Organization\02-Department-Handbooks\dept-production-handbook.html",1,8,7,1192,1192
"C:\Users\TEST4\qms.hesem.com.vn\02-Tai-Lieu-He-Thong\03-Organization\02-Department-Handbooks\dept-quality-handbook.html",1,4,3,927,927
"C:\Users\TEST4\qms.hesem.com.vn\02-Tai-Lieu-He-Thong\03-Organization\02-Department-Handbooks\dept-sales-and-customer-service-handbook.html",1,8,7,1034,1034
"C:\Users\TEST4\qms.hesem.com.vn\02-Tai-Lieu-He-Thong\03-Organization\02-Department-Handbooks\dept-supply-chain-handbook.html",1,5,4,983,983
"C:\Users\TEST4\qms.hesem.com.vn\02-Tai-Lieu-He-Thong\03-Organization\03-Job-Descriptions\01-JD-Executive\jd-chief-executive-officer.html",1,35,34,2271,2271
"C:\Users\TEST4\qms.hesem.com.vn\02-Tai-Lieu-He-Thong\03-Organization\03-Job-Descriptions\01-JD-Executive\jd-production-director.html",1,28,27,1873,1873
"C:\Users\TEST4\qms.hesem.com.vn\02-Tai-Lieu-He-Thong\03-Organization\03-Job-Descriptions\02-JD-Production\jd-cleaning-and-packaging-supervisor.html",1,22,21,1383,1383
"C:\Users\TEST4\qms.hesem.com.vn\02-Tai-Lieu-He-Thong\03-Organization\03-Job-Descriptions\02-JD-Production\jd-cleaning-packaging-technician.html",1,15,14,1281,1281
"C:\Users\TEST4\qms.hesem.com.vn\02-Tai-Lieu-He-Thong\03-Organization\03-Job-Descriptions\02-JD-Production\jd-cnc-operator.html",1,20,19,1557,1557
"C:\Users\TEST4\qms.hesem.com.vn\02-Tai-Lieu-He-Thong\03-Organization\03-Job-Descriptions\02-JD-Production\jd-cnc-workshop-manager.html",1,26,25,1589,1589
"C:\Users\TEST4\qms.hesem.com.vn\02-Tai-Lieu-He-Thong\03-Organization\03-Job-Descriptions\02-JD-Production\jd-deburr-team-lead.html",1,28,27,1486,1486
"C:\Users\TEST4\qms.hesem.com.vn\02-Tai-Lieu-He-Thong\03-Organization\03-Job-Descriptions\02-JD-Production\jd-deburr-technician.html",1,17,16,1345,1345
"C:\Users\TEST4\qms.hesem.com.vn\02-Tai-Lieu-He-Thong\03-Organization\03-Job-Descriptions\02-JD-Production\jd-maintenance-technician.html",1,21,20,1467,1467
"C:\Users\TEST4\qms.hesem.com.vn\02-Tai-Lieu-He-Thong\03-Organization\03-Job-Descriptions\02-JD-Production\jd-production-engineer-industrial-engineer.html",1,24,23,1611,1611
"C:\Users\TEST4\qms.hesem.com.vn\02-Tai-Lieu-He-Thong\03-Organization\03-Job-Descriptions\02-JD-Production\jd-production-planner.html",1,23,22,1672,1672
"C:\Users\TEST4\qms.hesem.com.vn\02-Tai-Lieu-He-Thong\03-Organization\03-Job-Descriptions\02-JD-Production\jd-setup-technician.html",1,13,12,1507,1507
"C:\Users\TEST4\qms.hesem.com.vn\02-Tai-Lieu-He-Thong\03-Organization\03-Job-Descriptions\02-JD-Production\jd-shift-leader.html",1,27,26,1504,1504
"C:\Users\TEST4\qms.hesem.com.vn\02-Tai-Lieu-He-Thong\03-Organization\03-Job-Descriptions\03-JD-Engineering\jd-cam-nc-programmer.html",1,19,18,1374,1374
"C:\Users\TEST4\qms.hesem.com.vn\02-Tai-Lieu-He-Thong\03-Organization\03-Job-Descriptions\03-JD-Engineering\jd-dfm-engineer.html",1,23,22,1566,1566
"C:\Users\TEST4\qms.hesem.com.vn\02-Tai-Lieu-He-Thong\03-Organization\03-Job-Descriptions\03-JD-Engineering\jd-engineering-lead-manager.html",1,25,24,1514,1514
"C:\Users\TEST4\qms.hesem.com.vn\02-Tai-Lieu-He-Thong\03-Organization\03-Job-Descriptions\03-JD-Engineering\jd-process-engineer.html",1,17,16,1333,1333
"C:\Users\TEST4\qms.hesem.com.vn\02-Tai-Lieu-He-Thong\03-Organization\03-Job-Descriptions\04-JD-Quality\jd-internal-auditor-outsource.html",1,24,23,1543,1543
"C:\Users\TEST4\qms.hesem.com.vn\02-Tai-Lieu-He-Thong\03-Organization\03-Job-Descriptions\04-JD-Quality\jd-metrology-and-calibration-specialist.html",1,22,21,1532,1532
"C:\Users\TEST4\qms.hesem.com.vn\02-Tai-Lieu-He-Thong\03-Organization\03-Job-Descriptions\04-JD-Quality\jd-qa-manager.html",1,24,23,1635,1635
"C:\Users\TEST4\qms.hesem.com.vn\02-Tai-Lieu-He-Thong\03-Organization\03-Job-Descriptions\04-JD-Quality\jd-qc-inspector-cmm-programmer-operator.html",1,17,16,1485,1485
"C:\Users\TEST4\qms.hesem.com.vn\02-Tai-Lieu-He-Thong\03-Organization\03-Job-Descriptions\04-JD-Quality\jd-qc-inspector-lead.html",1,28,27,1652,1652
"C:\Users\TEST4\qms.hesem.com.vn\02-Tai-Lieu-He-Thong\03-Organization\03-Job-Descriptions\04-JD-Quality\jd-qms-engineer.html",1,17,16,1412,1412
"C:\Users\TEST4\qms.hesem.com.vn\02-Tai-Lieu-He-Thong\03-Organization\03-Job-Descriptions\04-JD-Quality\jd-quality-engineer.html",1,31,30,1498,1498
"C:\Users\TEST4\qms.hesem.com.vn\02-Tai-Lieu-He-Thong\03-Organization\03-Job-Descriptions\05-JD-Supply-Chain\jd-buyer-purchasing.html",1,17,16,1332,1332
"C:\Users\TEST4\qms.hesem.com.vn\02-Tai-Lieu-He-Thong\03-Organization\03-Job-Descriptions\05-JD-Supply-Chain\jd-logistics-shipping-coordinator.html",1,13,12,1167,1167
"C:\Users\TEST4\qms.hesem.com.vn\02-Tai-Lieu-He-Thong\03-Organization\03-Job-Descriptions\05-JD-Supply-Chain\jd-supply-chain-manager.html",1,21,20,1532,1532
"C:\Users\TEST4\qms.hesem.com.vn\02-Tai-Lieu-He-Thong\03-Organization\03-Job-Descriptions\05-JD-Supply-Chain\jd-tool-crib-tool-storekeeper.html",1,16,15,1191,1191
"C:\Users\TEST4\qms.hesem.com.vn\02-Tai-Lieu-He-Thong\03-Organization\03-Job-Descriptions\05-JD-Supply-Chain\jd-warehouse-clerk.html",1,13,12,1245,1245
"C:\Users\TEST4\qms.hesem.com.vn\02-Tai-Lieu-He-Thong\03-Organization\03-Job-Descriptions\06-JD-Sales\jd-customer-service.html",1,16,15,1788,1788
"C:\Users\TEST4\qms.hesem.com.vn\02-Tai-Lieu-He-Thong\03-Organization\03-Job-Descriptions\06-JD-Sales\jd-estimator.html",1,26,25,1489,1489
"C:\Users\TEST4\qms.hesem.com.vn\02-Tai-Lieu-He-Thong\03-Organization\03-Job-Descriptions\07-JD-Finance\jd-ap-ar-and-payments-accountant.html",1,32,31,1520,1520
"C:\Users\TEST4\qms.hesem.com.vn\02-Tai-Lieu-He-Thong\03-Organization\03-Job-Descriptions\07-JD-Finance\jd-finance-manager.html",1,27,26,1546,1546
"C:\Users\TEST4\qms.hesem.com.vn\02-Tai-Lieu-He-Thong\03-Organization\03-Job-Descriptions\07-JD-Finance\jd-general-ledger-and-payroll-accountant.html",1,40,39,1489,1489
"C:\Users\TEST4\qms.hesem.com.vn\02-Tai-Lieu-He-Thong\03-Organization\03-Job-Descriptions\08-JD-HR\jd-hr-manager.html",1,88,87,1944,1944
"C:\Users\TEST4\qms.hesem.com.vn\02-Tai-Lieu-He-Thong\03-Organization\03-Job-Descriptions\09-JD-EHS\jd-ehs-specialist.html",1,26,25,1649,1649
"C:\Users\TEST4\qms.hesem.com.vn\02-Tai-Lieu-He-Thong\03-Organization\03-Job-Descriptions\10-JD-IT\jd-epicor-system-administrator.html",1,24,23,1681,1681
"C:\Users\TEST4\qms.hesem.com.vn\02-Tai-Lieu-He-Thong\03-Organization\03-Job-Descriptions\10-JD-IT\jd-it-admin.html",1,15,14,1479,1479
"C:\Users\TEST4\qms.hesem.com.vn\02-Tai-Lieu-He-Thong\03-Organization\03-Job-Descriptions\index.html",1,5,4,316,316
"C:\Users\TEST4\qms.hesem.com.vn\02-Tai-Lieu-He-Thong\03-Organization\04-RACI-Authority\authority-matrix.html",1,1,0,139,139
"C:\Users\TEST4\qms.hesem.com.vn\02-Tai-Lieu-He-Thong\03-Organization\04-RACI-Authority\raci-master-matrix.html",1,2,1,109,109
"C:\Users\TEST4\qms.hesem.com.vn\03-Tai-Lieu-Van-Hanh\01-SOPs\01-SOP-100\sop-101-document-and-data-control.html",1,15,14,2225,2225
"C:\Users\TEST4\qms.hesem.com.vn\03-Tai-Lieu-Van-Hanh\01-SOPs\01-SOP-100\sop-102-quality-policy-objectives-and-organizational-context.html",30,118,31,2410,2494
"C:\Users\TEST4\qms.hesem.com.vn\03-Tai-Lieu-Van-Hanh\01-SOPs\01-SOP-100\sop-103-risk-opportunity-fmea-and-control-plan.html",1,20,19,1947,1947
"C:\Users\TEST4\qms.hesem.com.vn\03-Tai-Lieu-Van-Hanh\01-SOPs\01-SOP-100\sop-104-data-governance-records-security-and-ip-protection.html",1,29,28,2704,2704
"C:\Users\TEST4\qms.hesem.com.vn\03-Tai-Lieu-Van-Hanh\01-SOPs\01-SOP-100\sop-107-communication-management.html",35,77,19,1619,1676
"C:\Users\TEST4\qms.hesem.com.vn\03-Tai-Lieu-Van-Hanh\01-SOPs\01-SOP-100\sop-108-operational-contingency-plan.html",25,104,14,2236,2325
"C:\Users\TEST4\qms.hesem.com.vn\03-Tai-Lieu-Van-Hanh\01-SOPs\02-SOP-200\sop-201-order-fulfillment-rfq-to-cash.html",36,311,12,2500,2797
"C:\Users\TEST4\qms.hesem.com.vn\03-Tai-Lieu-Van-Hanh\01-SOPs\02-SOP-200\sop-202-customer-complaint-feedback-rma-and-escape.html",42,95,12,1801,1883
"C:\Users\TEST4\qms.hesem.com.vn\03-Tai-Lieu-Van-Hanh\01-SOPs\03-SOP-300\sop-302-first-article-inspection-fai.html",7,328,18,3668,3972
"C:\Users\TEST4\qms.hesem.com.vn\03-Tai-Lieu-Van-Hanh\01-SOPs\03-SOP-300\sop-303-engineering-release-baseline-package-and-job-snapshot-control.html",1,5,4,1518,1518
"C:\Users\TEST4\qms.hesem.com.vn\03-Tai-Lieu-Van-Hanh\01-SOPs\04-SOP-400\sop-401-supplier-control-and-special-process.html",64,142,12,2676,2803
"C:\Users\TEST4\qms.hesem.com.vn\03-Tai-Lieu-Van-Hanh\01-SOPs\05-SOP-500\sop-501-production-planning-scheduling-and-dispatch-control.html",59,104,15,2380,2468
"C:\Users\TEST4\qms.hesem.com.vn\03-Tai-Lieu-Van-Hanh\01-SOPs\05-SOP-500\sop-502-cnc-machining-operations.html",2,127,10,2138,2252
"C:\Users\TEST4\qms.hesem.com.vn\03-Tai-Lieu-Van-Hanh\01-SOPs\05-SOP-500\sop-503-tooling-maintenance-pm-and-breakdown-response.html",30,132,23,2460,2568
"C:\Users\TEST4\qms.hesem.com.vn\03-Tai-Lieu-Van-Hanh\01-SOPs\05-SOP-500\sop-504-program-release-setup-first-piece-changeover-and-work-transfer-control.html",8,170,2,2284,2448
"C:\Users\TEST4\qms.hesem.com.vn\03-Tai-Lieu-Van-Hanh\01-SOPs\05-SOP-500\sop-505-finishing-deburr-and-secondary-operations-control.html",10,81,11,1699,1768
"C:\Users\TEST4\qms.hesem.com.vn\03-Tai-Lieu-Van-Hanh\01-SOPs\06-SOP-600\sop-601-calibration-and-gage-control.html",45,89,5,1503,1585
"C:\Users\TEST4\qms.hesem.com.vn\03-Tai-Lieu-Van-Hanh\01-SOPs\06-SOP-600\sop-602-measurement-system-analysis-msagr-r.html",1,14,13,2188,2188
"C:\Users\TEST4\qms.hesem.com.vn\03-Tai-Lieu-Van-Hanh\01-SOPs\06-SOP-600\sop-603-aql-sampling-inspection.html",47,101,7,1868,1958
"C:\Users\TEST4\qms.hesem.com.vn\03-Tai-Lieu-Van-Hanh\01-SOPs\06-SOP-600\sop-604-spc-and-capability-control.html",1,9,8,2033,2033
"C:\Users\TEST4\qms.hesem.com.vn\03-Tai-Lieu-Van-Hanh\01-SOPs\06-SOP-600\sop-605-final-inspection-coc-and-shipment-release.html",27,40,2,1213,1247
"C:\Users\TEST4\qms.hesem.com.vn\03-Tai-Lieu-Van-Hanh\01-SOPs\06-SOP-600\sop-606-ncr-capa-and-ipqc-reaction.html",1,35,34,2097,2097
"C:\Users\TEST4\qms.hesem.com.vn\03-Tai-Lieu-Van-Hanh\01-SOPs\07-SOP-700\sop-701-receiving-packaging-handling-and-storage.html",1,11,10,2459,2459
"C:\Users\TEST4\qms.hesem.com.vn\03-Tai-Lieu-Van-Hanh\01-SOPs\07-SOP-700\sop-702-contamination-control-and-cleanliness.html",1,22,21,2034,2034
"C:\Users\TEST4\qms.hesem.com.vn\03-Tai-Lieu-Van-Hanh\01-SOPs\07-SOP-700\sop-703-product-safety-conformity-and-fod-prevention.html",18,105,16,2037,2123
"C:\Users\TEST4\qms.hesem.com.vn\03-Tai-Lieu-Van-Hanh\01-SOPs\08-SOP-800\sop-801-competence-training-and-certification.html",1,31,30,2143,2143
"C:\Users\TEST4\qms.hesem.com.vn\03-Tai-Lieu-Van-Hanh\01-SOPs\08-SOP-800\sop-803-invoicing-job-costing-and-arap.html",1,26,25,2382,2382
"C:\Users\TEST4\qms.hesem.com.vn\03-Tai-Lieu-Van-Hanh\01-SOPs\08-SOP-800\sop-804-human-factors-and-error-proofing.html",1,27,26,2123,2123
"C:\Users\TEST4\qms.hesem.com.vn\03-Tai-Lieu-Van-Hanh\01-SOPs\09-SOP-900\sop-901-internal-audit-and-lpa.html",51,144,30,1914,2025
"C:\Users\TEST4\qms.hesem.com.vn\03-Tai-Lieu-Van-Hanh\01-SOPs\09-SOP-900\sop-902-management-review.html",34,93,19,1705,1775
"C:\Users\TEST4\qms.hesem.com.vn\03-Tai-Lieu-Van-Hanh\01-SOPs\09-SOP-900\sop-903-continual-improvement-and-kaizen.html",1,44,43,2509,2509
"C:\Users\TEST4\qms.hesem.com.vn\03-Tai-Lieu-Van-Hanh\01-SOPs\index.html",1,1,0,0,0
"C:\Users\TEST4\qms.hesem.com.vn\03-Tai-Lieu-Van-Hanh\02-Work-Instructions\01-WI-100\wi-101-digital-online-forms-and-approvals.html",1,7,6,922,922
"C:\Users\TEST4\qms.hesem.com.vn\03-Tai-Lieu-Van-Hanh\02-Work-Instructions\01-WI-100\wi-102-sharepoint-record-sites-libraries-and-permissions-click-by-click.html",1,4,3,465,465
"C:\Users\TEST4\qms.hesem.com.vn\03-Tai-Lieu-Van-Hanh\02-Work-Instructions\02-WI-200\wi-201-quality-gates-hold-points-and-release-execution.html",3,70,3,1030,1093
"C:\Users\TEST4\qms.hesem.com.vn\03-Tai-Lieu-Van-Hanh\02-Work-Instructions\02-WI-200\wi-202-daily-management-tier-meetings-kpi-and-escalation.html",39,73,6,1277,1341
"C:\Users\TEST4\qms.hesem.com.vn\03-Tai-Lieu-Van-Hanh\02-Work-Instructions\02-WI-200\wi-203-job-dossier-evidence-pack-and-record-completeness.html",1,13,12,1374,1374
"C:\Users\TEST4\qms.hesem.com.vn\03-Tai-Lieu-Van-Hanh\02-Work-Instructions\02-WI-200\wi-205-barcode-labeling-and-scan-to-action.html",1,2,1,685,685
"C:\Users\TEST4\qms.hesem.com.vn\03-Tai-Lieu-Van-Hanh\02-Work-Instructions\02-WI-200\wi-207-high-risk-job-readiness-control-tower.html",28,83,16,750,801
"C:\Users\TEST4\qms.hesem.com.vn\03-Tai-Lieu-Van-Hanh\02-Work-Instructions\05-WI-500\wi-501-dispatch-capacity-and-wip-control.html",1,2,1,1039,1039
"C:\Users\TEST4\qms.hesem.com.vn\03-Tai-Lieu-Van-Hanh\02-Work-Instructions\05-WI-500\wi-512-3-axis-vertical-milling-guide.html",1,4,3,383,383
"C:\Users\TEST4\qms.hesem.com.vn\03-Tai-Lieu-Van-Hanh\02-Work-Instructions\05-WI-500\wi-516-machine-operation-quick-card.html",1,5,4,966,966
"C:\Users\TEST4\qms.hesem.com.vn\03-Tai-Lieu-Van-Hanh\02-Work-Instructions\05-WI-500\wi-519-job-packet-quick-check-and-pre-run-verification.html",1,4,3,642,642
"C:\Users\TEST4\qms.hesem.com.vn\03-Tai-Lieu-Van-Hanh\02-Work-Instructions\06-WI-600\wi-602-gage-pre-use-verification-and-status-control.html",1,5,4,549,549
"C:\Users\TEST4\qms.hesem.com.vn\03-Tai-Lieu-Van-Hanh\02-Work-Instructions\06-WI-600\wi-606-suspect-product-containment-segregation-and-reaction.html",22,35,1,795,825
"C:\Users\TEST4\qms.hesem.com.vn\03-Tai-Lieu-Van-Hanh\02-Work-Instructions\07-WI-700\wi-713-environmental-monitoring-and-response.html",1,3,2,759,759
"C:\Users\TEST4\qms.hesem.com.vn\03-Tai-Lieu-Van-Hanh\02-Work-Instructions\07-WI-700\wi-715-helium-leak-test-standard-work.html",1,10,9,966,966
"C:\Users\TEST4\qms.hesem.com.vn\03-Tai-Lieu-Van-Hanh\02-Work-Instructions\09-WI-900\wi-901-performance-dashboard.html",16,48,8,922,960
"C:\Users\TEST4\qms.hesem.com.vn\03-Tai-Lieu-Van-Hanh\03-Reference\00-LEGACY-REF\ref-001-detailed-process-map.html",2,4,1,43,43
"C:\Users\TEST4\qms.hesem.com.vn\03-Tai-Lieu-Van-Hanh\03-Reference\00-LEGACY-REF\ref-002-iso-9001-clause-to-sop-matrix.html",2,4,1,43,43
"C:\Users\TEST4\qms.hesem.com.vn\03-Tai-Lieu-Van-Hanh\03-Reference\00-LEGACY-REF\ref-005-escalation-and-sla-matrix.html",2,4,1,43,43
"C:\Users\TEST4\qms.hesem.com.vn\03-Tai-Lieu-Van-Hanh\03-Reference\00-LEGACY-REF\ref-007-climate-change-assessment.html",2,4,1,44,44
"C:\Users\TEST4\qms.hesem.com.vn\03-Tai-Lieu-Van-Hanh\03-Reference\00-LEGACY-REF\ref-009-iso-writing-framework.html",2,4,1,43,43
"C:\Users\TEST4\qms.hesem.com.vn\03-Tai-Lieu-Van-Hanh\03-Reference\00-LEGACY-REF\ref-010-m365-lists-and-field-mapping.html",1,2,1,43,43
"C:\Users\TEST4\qms.hesem.com.vn\03-Tai-Lieu-Van-Hanh\03-Reference\00-LEGACY-REF\ref-011-power-automate-flows.html",1,2,1,43,43
"C:\Users\TEST4\qms.hesem.com.vn\03-Tai-Lieu-Van-Hanh\03-Reference\00-LEGACY-REF\ref-012-power-bi-deployment.html",2,4,1,43,43
"C:\Users\TEST4\qms.hesem.com.vn\03-Tai-Lieu-Van-Hanh\03-Reference\00-LEGACY-REF\ref-013-epicor-integration.html",2,4,1,43,43
"C:\Users\TEST4\qms.hesem.com.vn\03-Tai-Lieu-Van-Hanh\03-Reference\00-LEGACY-REF\ref-014-power-platform-governance.html",1,2,1,43,43
"C:\Users\TEST4\qms.hesem.com.vn\03-Tai-Lieu-Van-Hanh\03-Reference\00-LEGACY-REF\ref-015-go-live-runbook.html",2,4,1,43,43
"C:\Users\TEST4\qms.hesem.com.vn\03-Tai-Lieu-Van-Hanh\03-Reference\00-LEGACY-REF\ref-020-cnc-operating-model-and-role-boundary.html",1,2,1,43,43
"C:\Users\TEST4\qms.hesem.com.vn\03-Tai-Lieu-Van-Hanh\03-Reference\00-LEGACY-REF\ref-021-phased-document-upgrade-roadmap.html",2,4,1,44,44
"C:\Users\TEST4\qms.hesem.com.vn\03-Tai-Lieu-Van-Hanh\03-Reference\01-ANNEX-100\10-ANNEX-100-Foundation-Maps-and-Control\annex-101-role-based-access-map.html",1,3,2,937,937
"C:\Users\TEST4\qms.hesem.com.vn\03-Tai-Lieu-Van-Hanh\03-Reference\01-ANNEX-100\10-ANNEX-100-Foundation-Maps-and-Control\annex-102-access-request-field-dictionary.html",1,5,4,652,652
"C:\Users\TEST4\qms.hesem.com.vn\03-Tai-Lieu-Van-Hanh\03-Reference\01-ANNEX-100\10-ANNEX-100-Foundation-Maps-and-Control\annex-103-org-raci-matrix.html",1,2,1,111,111
"C:\Users\TEST4\qms.hesem.com.vn\03-Tai-Lieu-Van-Hanh\03-Reference\01-ANNEX-100\10-ANNEX-100-Foundation-Maps-and-Control\annex-104-org-chart-fullpage.html",1,5,4,293,293
"C:\Users\TEST4\qms.hesem.com.vn\03-Tai-Lieu-Van-Hanh\03-Reference\01-ANNEX-100\10-ANNEX-100-Foundation-Maps-and-Control\annex-105-process-map-detailed.html",1,4,3,802,802
"C:\Users\TEST4\qms.hesem.com.vn\03-Tai-Lieu-Van-Hanh\03-Reference\01-ANNEX-100\10-ANNEX-100-Foundation-Maps-and-Control\annex-106-iso9001-matrix-full.html",1,9,8,664,664
"C:\Users\TEST4\qms.hesem.com.vn\03-Tai-Lieu-Van-Hanh\03-Reference\01-ANNEX-100\10-ANNEX-100-Foundation-Maps-and-Control\annex-107-audit-evidence-pack-master.html",1,10,9,305,305
"C:\Users\TEST4\qms.hesem.com.vn\03-Tai-Lieu-Van-Hanh\03-Reference\01-ANNEX-100\11-ANNEX-110-Digital-Control-and-Resilience\annex-110-dashboard-kpi-dictionary-and-data-model.html",1,10,9,1331,1331
"C:\Users\TEST4\qms.hesem.com.vn\03-Tai-Lieu-Van-Hanh\03-Reference\01-ANNEX-100\11-ANNEX-110-Digital-Control-and-Resilience\annex-111-document-writing-and-cross-reference-rules.html",1,3,2,148,148
"C:\Users\TEST4\qms.hesem.com.vn\03-Tai-Lieu-Van-Hanh\03-Reference\01-ANNEX-100\11-ANNEX-110-Digital-Control-and-Resilience\annex-112-climate-context-and-resilience-assessment.html",1,2,1,258,258
"C:\Users\TEST4\qms.hesem.com.vn\03-Tai-Lieu-Van-Hanh\03-Reference\01-ANNEX-100\11-ANNEX-110-Digital-Control-and-Resilience\annex-113-dashboard-deployment-access-and-refresh-control.html",1,4,3,1044,1044
"C:\Users\TEST4\qms.hesem.com.vn\03-Tai-Lieu-Van-Hanh\03-Reference\01-ANNEX-100\11-ANNEX-110-Digital-Control-and-Resilience\annex-114-go-live-runbook-and-cutover-control.html",1,3,2,109,109
"C:\Users\TEST4\qms.hesem.com.vn\03-Tai-Lieu-Van-Hanh\03-Reference\01-ANNEX-100\11-ANNEX-110-Digital-Control-and-Resilience\annex-115-epicor-transaction-and-interface-map.html",1,3,2,576,576
"C:\Users\TEST4\qms.hesem.com.vn\03-Tai-Lieu-Van-Hanh\03-Reference\01-ANNEX-100\11-ANNEX-110-Digital-Control-and-Resilience\annex-117-escalation-matrix-and-sla.html",1,11,10,1096,1096
"C:\Users\TEST4\qms.hesem.com.vn\03-Tai-Lieu-Van-Hanh\03-Reference\01-ANNEX-100\11-ANNEX-110-Digital-Control-and-Resilience\annex-118-offline-fallback-kit.html",1,10,9,1587,1587
"C:\Users\TEST4\qms.hesem.com.vn\03-Tai-Lieu-Van-Hanh\03-Reference\01-ANNEX-100\11-ANNEX-110-Digital-Control-and-Resilience\annex-119-change-roadmap-and-priority-register.html",1,25,24,667,667
"C:\Users\TEST4\qms.hesem.com.vn\03-Tai-Lieu-Van-Hanh\03-Reference\01-ANNEX-100\12-ANNEX-120-Authority-KPI-and-Deputy-Control\annex-120-authority-matrix.html",1,4,3,1116,1116
"C:\Users\TEST4\qms.hesem.com.vn\03-Tai-Lieu-Van-Hanh\03-Reference\01-ANNEX-100\12-ANNEX-120-Authority-KPI-and-Deputy-Control\annex-121-raci-master-matrix.html",1,8,7,506,506
"C:\Users\TEST4\qms.hesem.com.vn\03-Tai-Lieu-Van-Hanh\03-Reference\01-ANNEX-100\12-ANNEX-120-Authority-KPI-and-Deputy-Control\annex-122-kpi-cascade-dictionary.html",1,7,6,832,832
"C:\Users\TEST4\qms.hesem.com.vn\03-Tai-Lieu-Van-Hanh\03-Reference\01-ANNEX-100\12-ANNEX-120-Authority-KPI-and-Deputy-Control\annex-123-deputy-backup-matrix.html",1,17,16,1270,1270
"C:\Users\TEST4\qms.hesem.com.vn\03-Tai-Lieu-Van-Hanh\03-Reference\01-ANNEX-100\12-ANNEX-120-Authority-KPI-and-Deputy-Control\annex-124-dashboard-evidence-pack-worked-examples.html",1,9,8,725,725
"C:\Users\TEST4\qms.hesem.com.vn\03-Tai-Lieu-Van-Hanh\03-Reference\01-ANNEX-100\13-ANNEX-130-M365-Records-Control\annex-131-m365-records-metadata-list-schema-and-register-catalog.html",1,7,6,361,361
"C:\Users\TEST4\qms.hesem.com.vn\03-Tai-Lieu-Van-Hanh\03-Reference\01-ANNEX-100\13-ANNEX-130-M365-Records-Control\annex-132-m365-records-flow-approval-sharing-and-exception-control.html",1,3,2,511,511
"C:\Users\TEST4\qms.hesem.com.vn\03-Tai-Lieu-Van-Hanh\03-Reference\01-ANNEX-100\13-ANNEX-130-M365-Records-Control\annex-133-m365-records-site-topology-library-and-folder-blueprint.html",1,19,18,638,638
"C:\Users\TEST4\qms.hesem.com.vn\03-Tai-Lieu-Van-Hanh\03-Reference\01-ANNEX-100\13-ANNEX-130-M365-Records-Control\annex-134-m365-records-provisioning-permissions-and-automation-architecture.html",1,18,17,872,872
"C:\Users\TEST4\qms.hesem.com.vn\03-Tai-Lieu-Van-Hanh\03-Reference\03-ANNEX-300\annex-301-setup-sheet-and-tool-list-standard.html",1,5,4,831,831
"C:\Users\TEST4\qms.hesem.com.vn\03-Tai-Lieu-Van-Hanh\03-Reference\03-ANNEX-300\annex-302-approved-materials-list.html",1,10,9,1034,1034
"C:\Users\TEST4\qms.hesem.com.vn\03-Tai-Lieu-Van-Hanh\03-Reference\05-ANNEX-500\annex-501-dispatch-capacity-wip-rules.html",1,4,3,1026,1026
"C:\Users\TEST4\qms.hesem.com.vn\03-Tai-Lieu-Van-Hanh\03-Reference\05-ANNEX-500\annex-502-gate-mrr-and-execution-synchronization-pack.html",15,36,10,597,617
"C:\Users\TEST4\qms.hesem.com.vn\03-Tai-Lieu-Van-Hanh\03-Reference\05-ANNEX-500\annex-503-cnc-operating-model-and-role-boundary.html",1,12,11,958,958
"C:\Users\TEST4\qms.hesem.com.vn\03-Tai-Lieu-Van-Hanh\03-Reference\05-ANNEX-500\annex-504-tier-meeting-cadence-and-escalation-standard-work.html",3,28,3,618,639
"C:\Users\TEST4\qms.hesem.com.vn\03-Tai-Lieu-Van-Hanh\03-Reference\05-ANNEX-500\annex-506-fod-prevention-program.html",1,9,8,508,508
"C:\Users\TEST4\qms.hesem.com.vn\03-Tai-Lieu-Van-Hanh\03-Reference\05-ANNEX-500\annex-507-poka-yoke-cnc-examples.html",1,4,3,511,511
"C:\Users\TEST4\qms.hesem.com.vn\03-Tai-Lieu-Van-Hanh\03-Reference\06-ANNEX-600\annex-604-control-plan-guide.html",1,3,2,372,372
"C:\Users\TEST4\qms.hesem.com.vn\03-Tai-Lieu-Van-Hanh\03-Reference\06-ANNEX-600\annex-605-spc-lite-and-reaction-plan.html",1,3,2,385,385
"C:\Users\TEST4\qms.hesem.com.vn\03-Tai-Lieu-Van-Hanh\03-Reference\06-ANNEX-600\annex-606-surface-finish-vacuum-compatibility.html",1,15,14,1153,1153
"C:\Users\TEST4\qms.hesem.com.vn\03-Tai-Lieu-Van-Hanh\03-Reference\06-ANNEX-600\annex-607-quality-culture-and-ethics-rules.html",1,5,4,186,186
"C:\Users\TEST4\qms.hesem.com.vn\03-Tai-Lieu-Van-Hanh\03-Reference\07-ANNEX-700\annex-701-gs1-sscc-data-dictionary-and-pack-reconciliation.html",1,1,0,390,390
"C:\Users\TEST4\qms.hesem.com.vn\03-Tai-Lieu-Van-Hanh\03-Reference\07-ANNEX-700\annex-703-warehouse-location-fifo-rules.html",1,8,7,1320,1320
"C:\Users\TEST4\qms.hesem.com.vn\04-Bieu-Mau\00-FORM-DESIGN-SYSTEM\index.html",1,3,2,148,148
"C:\Users\TEST4\qms.hesem.com.vn\04-Bieu-Mau\00-FORM-DESIGN-SYSTEM\source-import-register.html",1,1,0,25,25
"C:\Users\TEST4\qms.hesem.com.vn\10-Training-Academy\01-Competency-System\01-Framework\assessment-matrix.html",1,62,61,2486,2486
"C:\Users\TEST4\qms.hesem.com.vn\10-Training-Academy\01-Competency-System\01-Framework\competency-assessment-guide.html",1,5,4,487,487
"C:\Users\TEST4\qms.hesem.com.vn\10-Training-Academy\01-Competency-System\01-Framework\competency-framework.html",1,11,10,697,697
"C:\Users\TEST4\qms.hesem.com.vn\10-Training-Academy\01-Competency-System\01-Framework\competency-metrics.html",1,24,23,3074,3074
"C:\Users\TEST4\qms.hesem.com.vn\10-Training-Academy\01-Competency-System\02-Levels\02-C02-Process-Discipline\C02-L1.html",1,17,16,1199,1199
"C:\Users\TEST4\qms.hesem.com.vn\10-Training-Academy\01-Competency-System\02-Levels\07-C07-Kaizen-Lean\C07-L1.html",1,49,48,1734,1734
"C:\Users\TEST4\qms.hesem.com.vn\10-Training-Academy\01-Competency-System\02-Levels\07-C07-Kaizen-Lean\C07-L2.html",1,50,49,1762,1762
"C:\Users\TEST4\qms.hesem.com.vn\10-Training-Academy\01-Competency-System\02-Levels\07-C07-Kaizen-Lean\C07-L3.html",1,65,64,1672,1672
"C:\Users\TEST4\qms.hesem.com.vn\10-Training-Academy\01-Competency-System\02-Levels\07-C07-Kaizen-Lean\C07-L4.html",1,50,49,1679,1679
"C:\Users\TEST4\qms.hesem.com.vn\10-Training-Academy\01-Competency-System\02-Levels\11-C11-Sales-Contract-Review\C11-L1.html",1,27,26,1929,1929
"C:\Users\TEST4\qms.hesem.com.vn\10-Training-Academy\01-Competency-System\02-Levels\11-C11-Sales-Contract-Review\C11-L2.html",1,30,29,1975,1975
"C:\Users\TEST4\qms.hesem.com.vn\10-Training-Academy\01-Competency-System\02-Levels\11-C11-Sales-Contract-Review\C11-L3.html",1,27,26,2144,2144
"C:\Users\TEST4\qms.hesem.com.vn\10-Training-Academy\01-Competency-System\02-Levels\12-C12-Estimating-Costing\C12-L1.html",1,23,22,1493,1493
"C:\Users\TEST4\qms.hesem.com.vn\10-Training-Academy\01-Competency-System\02-Levels\12-C12-Estimating-Costing\C12-L2.html",1,27,26,1625,1625
"C:\Users\TEST4\qms.hesem.com.vn\10-Training-Academy\01-Competency-System\02-Levels\12-C12-Estimating-Costing\C12-L3.html",1,54,53,1705,1705
"C:\Users\TEST4\qms.hesem.com.vn\10-Training-Academy\01-Competency-System\02-Levels\12-C12-Estimating-Costing\C12-L4.html",1,38,37,1850,1850
"C:\Users\TEST4\qms.hesem.com.vn\10-Training-Academy\01-Competency-System\02-Levels\14-C14-Drawing-GDT\C14-L1.html",1,22,21,1363,1363
"C:\Users\TEST4\qms.hesem.com.vn\10-Training-Academy\01-Competency-System\02-Levels\14-C14-Drawing-GDT\C14-L2.html",1,23,22,1381,1381
"C:\Users\TEST4\qms.hesem.com.vn\10-Training-Academy\01-Competency-System\02-Levels\14-C14-Drawing-GDT\C14-L3.html",1,31,30,1502,1502
"C:\Users\TEST4\qms.hesem.com.vn\10-Training-Academy\01-Competency-System\02-Levels\14-C14-Drawing-GDT\C14-L4.html",1,32,31,1584,1584
"C:\Users\TEST4\qms.hesem.com.vn\10-Training-Academy\01-Competency-System\02-Levels\16-C16-Advanced-Metrology\C16-L1.html",1,25,24,1791,1791
"C:\Users\TEST4\qms.hesem.com.vn\10-Training-Academy\01-Competency-System\02-Levels\16-C16-Advanced-Metrology\C16-L2.html",1,24,23,1879,1879
"C:\Users\TEST4\qms.hesem.com.vn\10-Training-Academy\01-Competency-System\02-Levels\16-C16-Advanced-Metrology\C16-L3.html",1,41,40,1988,1988
"C:\Users\TEST4\qms.hesem.com.vn\10-Training-Academy\01-Competency-System\02-Levels\16-C16-Advanced-Metrology\C16-L4.html",1,29,28,2054,2054
"C:\Users\TEST4\qms.hesem.com.vn\10-Training-Academy\01-Competency-System\02-Levels\18-C18-Supply-Chain\C18-L1.html",1,5,4,606,606
"C:\Users\TEST4\qms.hesem.com.vn\10-Training-Academy\01-Competency-System\02-Levels\18-C18-Supply-Chain\C18-L2.html",1,4,3,346,346
"C:\Users\TEST4\qms.hesem.com.vn\10-Training-Academy\01-Competency-System\02-Levels\18-C18-Supply-Chain\C18-L3.html",1,3,2,354,354
"C:\Users\TEST4\qms.hesem.com.vn\10-Training-Academy\01-Competency-System\02-Levels\18-C18-Supply-Chain\C18-L4.html",1,5,4,326,326
"C:\Users\TEST4\qms.hesem.com.vn\10-Training-Academy\01-Competency-System\02-Levels\index.html",1,1,0,1,1
"C:\Users\TEST4\qms.hesem.com.vn\10-Training-Academy\01-Competency-System\02-Training-Content\03-Practice-Drills\index.html",1,1,0,11,11
"C:\Users\TEST4\qms.hesem.com.vn\10-Training-Academy\01-Competency-System\03-Matrices\training-matrix-engineering.html",1,5,4,152,152
"C:\Users\TEST4\qms.hesem.com.vn\10-Training-Academy\01-Competency-System\03-Matrices\training-matrix-estimating.html",1,4,3,161,161
"C:\Users\TEST4\qms.hesem.com.vn\10-Training-Academy\01-Competency-System\03-Matrices\training-matrix-finance-hr.html",1,6,5,156,156
"C:\Users\TEST4\qms.hesem.com.vn\10-Training-Academy\01-Competency-System\03-Matrices\training-matrix-hse.html",1,4,3,160,160
"C:\Users\TEST4\qms.hesem.com.vn\10-Training-Academy\01-Competency-System\03-Matrices\training-matrix-maintenance.html",1,6,5,152,152
"C:\Users\TEST4\qms.hesem.com.vn\10-Training-Academy\01-Competency-System\03-Matrices\training-matrix-planning-purchasing.html",1,4,3,153,153
"C:\Users\TEST4\qms.hesem.com.vn\10-Training-Academy\01-Competency-System\03-Matrices\training-matrix-production.html",1,5,4,146,146
"C:\Users\TEST4\qms.hesem.com.vn\10-Training-Academy\01-Competency-System\03-Matrices\training-matrix-quality.html",1,4,3,145,145
"C:\Users\TEST4\qms.hesem.com.vn\10-Training-Academy\01-Competency-System\03-Matrices\training-matrix-warehouse.html",1,4,3,139,139
"C:\Users\TEST4\qms.hesem.com.vn\10-Training-Academy\01-Competency-System\03-Matrices\training-matrix.html",1,1,0,119,119
"C:\Users\TEST4\qms.hesem.com.vn\10-Training-Academy\02-Training-Content\01-Modules\C01.html",1,36,35,2061,2061
"C:\Users\TEST4\qms.hesem.com.vn\10-Training-Academy\02-Training-Content\01-Modules\C02.html",1,37,36,2000,2000
"C:\Users\TEST4\qms.hesem.com.vn\10-Training-Academy\02-Training-Content\01-Modules\C03.html",1,43,42,2099,2099
"C:\Users\TEST4\qms.hesem.com.vn\10-Training-Academy\02-Training-Content\01-Modules\C04.html",1,44,43,1979,1979
"C:\Users\TEST4\qms.hesem.com.vn\10-Training-Academy\02-Training-Content\01-Modules\C05.html",1,44,43,2150,2150
"C:\Users\TEST4\qms.hesem.com.vn\10-Training-Academy\02-Training-Content\01-Modules\C06.html",1,62,61,2025,2025
"C:\Users\TEST4\qms.hesem.com.vn\10-Training-Academy\02-Training-Content\01-Modules\C07.html",1,48,47,1964,1964
"C:\Users\TEST4\qms.hesem.com.vn\10-Training-Academy\02-Training-Content\01-Modules\C09.html",1,41,40,1971,1971
"C:\Users\TEST4\qms.hesem.com.vn\10-Training-Academy\02-Training-Content\01-Modules\C10.html",1,35,34,1930,1930
"C:\Users\TEST4\qms.hesem.com.vn\10-Training-Academy\02-Training-Content\01-Modules\C11.html",1,42,41,1893,1893
"C:\Users\TEST4\qms.hesem.com.vn\10-Training-Academy\02-Training-Content\01-Modules\C12.html",1,46,45,1901,1901
"C:\Users\TEST4\qms.hesem.com.vn\10-Training-Academy\02-Training-Content\01-Modules\C13.html",1,37,36,1961,1961
"C:\Users\TEST4\qms.hesem.com.vn\10-Training-Academy\02-Training-Content\01-Modules\C14.html",1,37,36,1974,1974
"C:\Users\TEST4\qms.hesem.com.vn\10-Training-Academy\02-Training-Content\01-Modules\C15.html",1,37,36,2076,2076
"C:\Users\TEST4\qms.hesem.com.vn\10-Training-Academy\02-Training-Content\01-Modules\C16.html",1,41,40,2049,2049
"C:\Users\TEST4\qms.hesem.com.vn\10-Training-Academy\02-Training-Content\01-Modules\C17.html",1,37,36,1924,1924
"C:\Users\TEST4\qms.hesem.com.vn\10-Training-Academy\02-Training-Content\01-Modules\C18.html",1,41,40,1850,1850
"C:\Users\TEST4\qms.hesem.com.vn\10-Training-Academy\02-Training-Content\01-Modules\C19.html",1,41,40,2110,2110
"C:\Users\TEST4\qms.hesem.com.vn\10-Training-Academy\02-Training-Content\03-Practice-Drills\drill-cam-release-changecontrol.html",1,1,0,159,159
"C:\Users\TEST4\qms.hesem.com.vn\10-Training-Academy\02-Training-Content\03-Practice-Drills\drill-cost-waste-tool-scrap.html",1,3,2,167,167
"C:\Users\TEST4\qms.hesem.com.vn\10-Training-Academy\02-Training-Content\03-Practice-Drills\drill-customer-ctq-translation.html",1,1,0,239,239
"C:\Users\TEST4\qms.hesem.com.vn\10-Training-Academy\02-Training-Content\03-Practice-Drills\drill-daily-management-tier.html",1,2,1,225,225
"C:\Users\TEST4\qms.hesem.com.vn\10-Training-Academy\02-Training-Content\03-Practice-Drills\drill-joborder-e2e.html",1,5,4,307,307
"C:\Users\TEST4\qms.hesem.com.vn\10-Training-Academy\02-Training-Content\03-Practice-Drills\drill-material-cert-specialprocess.html",1,1,0,181,181
"C:\Users\TEST4\qms.hesem.com.vn\10-Training-Academy\02-Training-Content\03-Practice-Drills\drill-ncr-capa-response.html",1,4,3,220,220
"C:\Users\TEST4\qms.hesem.com.vn\10-Training-Academy\02-Training-Content\03-Practice-Drills\drill-safety-5s-hazards.html",1,4,3,183,183
"C:\Users\TEST4\qms.hesem.com.vn\10-Training-Academy\02-Training-Content\03-Practice-Drills\drill-setup-firstarticle-ir.html",1,1,0,198,198
"C:\Users\TEST4\qms.hesem.com.vn\10-Training-Academy\02-Training-Content\03-Practice-Drills\index.html",1,1,0,39,39
"C:\Users\TEST4\qms.hesem.com.vn\10-Training-Academy\03-System-Operations\01-System-Guides\index.html",1,1,0,0,0
"C:\Users\TEST4\qms.hesem.com.vn\10-Training-Academy\03-System-Operations\01-System-Guides\SYS-OPS-02.html",1,26,25,1851,1851
"C:\Users\TEST4\qms.hesem.com.vn\10-Training-Academy\03-System-Operations\01-System-Guides\SYS-OPS-11.html",1,1,0,53,53
"C:\Users\TEST4\qms.hesem.com.vn\10-Training-Academy\03-System-Operations\01-System-Guides\SYS-OPS-13.html",1,26,25,2060,2060
"C:\Users\TEST4\qms.hesem.com.vn\10-Training-Academy\03-System-Operations\01-System-Guides\SYS-OPS-16.html",1,32,31,2598,2598
"C:\Users\TEST4\qms.hesem.com.vn\10-Training-Academy\03-System-Operations\02-Training-Ops\TRN-OPS-04.html",1,76,75,2087,2087
"C:\Users\TEST4\qms.hesem.com.vn\10-Training-Academy\03-System-Operations\02-Training-Ops\TRN-OPS-08.html",1,5,4,339,339
"C:\Users\TEST4\qms.hesem.com.vn\10-Training-Academy\03-System-Operations\02-Training-Ops\TRN-OPS-09.html",1,6,5,137,137
"C:\Users\TEST4\qms.hesem.com.vn\10-Training-Academy\03-System-Operations\03-MRR-Pack\mrr-01-job-dossier.html",1,5,4,172,172
"C:\Users\TEST4\qms.hesem.com.vn\10-Training-Academy\03-System-Operations\03-MRR-Pack\mrr-02-setup-fai.html",1,3,2,124,124
"C:\Users\TEST4\qms.hesem.com.vn\10-Training-Academy\03-System-Operations\03-MRR-Pack\mrr-03-inspection-measurement.html",1,3,2,135,135
"C:\Users\TEST4\qms.hesem.com.vn\10-Training-Academy\03-System-Operations\03-MRR-Pack\mrr-04-ncr-capa.html",1,4,3,149,149
"C:\Users\TEST4\qms.hesem.com.vn\10-Training-Academy\03-System-Operations\03-MRR-Pack\mrr-05-supplier-subcon.html",1,3,2,114,114
"C:\Users\TEST4\qms.hesem.com.vn\10-Training-Academy\03-System-Operations\03-MRR-Pack\mrr-06-daily-management.html",1,6,5,128,128
"C:\Users\TEST4\qms.hesem.com.vn\10-Training-Academy\03-System-Operations\03-MRR-Pack\mrr-07-training-cert.html",1,3,2,104,104
"C:\Users\TEST4\qms.hesem.com.vn\10-Training-Academy\03-System-Operations\03-MRR-Pack\mrr-g0-rfq-quote.html",1,4,3,147,147
"C:\Users\TEST4\qms.hesem.com.vn\10-Training-Academy\03-System-Operations\03-MRR-Pack\mrr-g1-contract-kickoff.html",1,4,3,164,164
"C:\Users\TEST4\qms.hesem.com.vn\10-Training-Academy\03-System-Operations\03-MRR-Pack\mrr-g2-engineering-release.html",1,4,3,131,131
"C:\Users\TEST4\qms.hesem.com.vn\10-Training-Academy\03-System-Operations\03-MRR-Pack\mrr-g3-production-fai-release.html",1,4,3,123,123
"C:\Users\TEST4\qms.hesem.com.vn\10-Training-Academy\03-System-Operations\03-MRR-Pack\mrr-g4-final-ship-packet.html",1,4,3,155,155
"C:\Users\TEST4\qms.hesem.com.vn\10-Training-Academy\03-System-Operations\03-MRR-Pack\mrr-g5-closeout-billing.html",1,4,3,118,118
"C:\Users\TEST4\qms.hesem.com.vn\10-Training-Academy\04-Templates-Tools\competency-metrics.html",1,2,1,79,79
"C:\Users\TEST4\qms.hesem.com.vn\10-Training-Academy\04-Templates-Tools\qms-ops-map.html",1,4,3,306,306
"C:\Users\TEST4\qms.hesem.com.vn\10-Training-Academy\04-Templates-Tools\role-gate-tests.html",1,3,2,379,379
"C:\Users\TEST4\qms.hesem.com.vn\10-Training-Academy\04-Templates-Tools\role-roadmaps.html",1,7,6,571,571
"C:\Users\TEST4\qms.hesem.com.vn\10-Training-Academy\04-Templates-Tools\trainer-guide.html",1,5,4,392,392
"C:\Users\TEST4\qms.hesem.com.vn\11-Glossary\index.html",1,3,2,354,354
"C:\Users\TEST4\qms.hesem.com.vn\assets\style-v9.css",1,1,0,0,0
"C:\Users\TEST4\qms.hesem.com.vn\assets\style.css",1,1,0,0,0
"C:\Users\TEST4\qms.hesem.com.vn\assets\style_scoped.css",1,1,0,0,0
"C:\Users\TEST4\qms.hesem.com.vn\_build\qms.hesem.com.vn\01-QMS-Portal\portal.html",1,3,2,82,82
"C:\Users\TEST4\qms.hesem.com.vn\_build\qms.hesem.com.vn\01-QMS-Portal\scripts\portal\01-data-config.js",1,25,24,1179,1179
"C:\Users\TEST4\qms.hesem.com.vn\_build\qms.hesem.com.vn\01-QMS-Portal\scripts\portal\02-state-auth-ui.js",18,172,12,1443,1304
"C:\Users\TEST4\qms.hesem.com.vn\_build\qms.hesem.com.vn\01-QMS-Portal\scripts\portal\03-editor-core.js",3,103,6,825,729
"C:\Users\TEST4\qms.hesem.com.vn\_build\qms.hesem.com.vn\01-QMS-Portal\scripts\portal\04-workflow-actions.js",4,11,1,147,140
"C:\Users\TEST4\qms.hesem.com.vn\_build\qms.hesem.com.vn\01-QMS-Portal\scripts\portal\05-workflow-panel.js",1,3,2,305,305
"C:\Users\TEST4\qms.hesem.com.vn\_build\qms.hesem.com.vn\01-QMS-Portal\scripts\portal\90-qrcodegen.js",1,1,0,9,9
"C:\Users\TEST4\qms.hesem.com.vn\_build\qms.hesem.com.vn\01-QMS-Portal\styles\portal.main.css",1,1,0,1,1
"C:\Users\TEST4\qms.hesem.com.vn\_build\qms.hesem.com.vn\02-Tai-Lieu-He-Thong\03-Organization\05-Labor-Relations\annex-hr-lab-001-collective-bargaining-agreement.html",1,36,35,3791,3791
"C:\Users\TEST4\qms.hesem.com.vn\_build\qms.hesem.com.vn\03-Tai-Lieu-Van-Hanh\01-SOPs\index.html",1,1,0,0,0
"C:\Users\TEST4\qms.hesem.com.vn\_build\qms.hesem.com.vn\10-Training-Academy\01-Competency-System\01-Framework\assessment-matrix.html",1,73,72,2694,2694
"C:\Users\TEST4\qms.hesem.com.vn\_build\qms.hesem.com.vn\10-Training-Academy\01-Competency-System\01-Framework\competency-assessment-guide.html",1,6,5,575,575
"C:\Users\TEST4\qms.hesem.com.vn\_build\qms.hesem.com.vn\10-Training-Academy\01-Competency-System\01-Framework\competency-framework.html",1,15,14,820,820
"C:\Users\TEST4\qms.hesem.com.vn\_build\qms.hesem.com.vn\10-Training-Academy\01-Competency-System\01-Framework\competency-metrics.html",1,30,29,3080,3080
"C:\Users\TEST4\qms.hesem.com.vn\_build\qms.hesem.com.vn\10-Training-Academy\01-Competency-System\01-Framework\skill-matrix-bonus.html",1,8,7,628,628
"C:\Users\TEST4\qms.hesem.com.vn\_build\qms.hesem.com.vn\10-Training-Academy\01-Competency-System\02-Levels\06-C06\C06-L1.html",1,79,78,2091,2091
"C:\Users\TEST4\qms.hesem.com.vn\_build\qms.hesem.com.vn\10-Training-Academy\01-Competency-System\02-Levels\06-C06\C06-L2.html",1,86,85,2041,2041
"C:\Users\TEST4\qms.hesem.com.vn\_build\qms.hesem.com.vn\10-Training-Academy\01-Competency-System\02-Levels\06-C06\C06-L3.html",1,92,91,1951,1951
"C:\Users\TEST4\qms.hesem.com.vn\_build\qms.hesem.com.vn\10-Training-Academy\01-Competency-System\02-Levels\06-C06\C06-L4.html",1,85,84,1952,1952
"C:\Users\TEST4\qms.hesem.com.vn\_build\qms.hesem.com.vn\10-Training-Academy\01-Competency-System\02-Levels\07-C07\C07-L1.html",1,51,50,1860,1860
"C:\Users\TEST4\qms.hesem.com.vn\_build\qms.hesem.com.vn\10-Training-Academy\01-Competency-System\02-Levels\07-C07\C07-L2.html",1,52,51,1833,1833
"C:\Users\TEST4\qms.hesem.com.vn\_build\qms.hesem.com.vn\10-Training-Academy\01-Competency-System\02-Levels\07-C07\C07-L3.html",1,64,63,1779,1779
"C:\Users\TEST4\qms.hesem.com.vn\_build\qms.hesem.com.vn\10-Training-Academy\01-Competency-System\02-Levels\07-C07\C07-L4.html",1,52,51,1776,1776
"C:\Users\TEST4\qms.hesem.com.vn\_build\qms.hesem.com.vn\10-Training-Academy\01-Competency-System\02-Levels\08-C08\C08-L1.html",1,27,26,1446,1446
"C:\Users\TEST4\qms.hesem.com.vn\_build\qms.hesem.com.vn\10-Training-Academy\01-Competency-System\02-Levels\08-C08\C08-L2.html",1,16,15,1000,1000
"C:\Users\TEST4\qms.hesem.com.vn\_build\qms.hesem.com.vn\10-Training-Academy\01-Competency-System\02-Levels\08-C08\C08-L3.html",1,25,24,855,855
"C:\Users\TEST4\qms.hesem.com.vn\_build\qms.hesem.com.vn\10-Training-Academy\01-Competency-System\02-Levels\08-C08\C08-L4.html",1,13,12,761,761
"C:\Users\TEST4\qms.hesem.com.vn\_build\qms.hesem.com.vn\10-Training-Academy\01-Competency-System\02-Levels\09-C09\C09-L1.html",1,17,16,895,895
"C:\Users\TEST4\qms.hesem.com.vn\_build\qms.hesem.com.vn\10-Training-Academy\01-Competency-System\02-Levels\09-C09\C09-L2.html",1,17,16,825,825
"C:\Users\TEST4\qms.hesem.com.vn\_build\qms.hesem.com.vn\10-Training-Academy\01-Competency-System\02-Levels\09-C09\C09-L3.html",1,14,13,675,675
"C:\Users\TEST4\qms.hesem.com.vn\_build\qms.hesem.com.vn\10-Training-Academy\01-Competency-System\02-Levels\09-C09\C09-L4.html",1,7,6,690,690
"C:\Users\TEST4\qms.hesem.com.vn\_build\qms.hesem.com.vn\10-Training-Academy\01-Competency-System\02-Levels\10-C10\C10-L1.html",1,18,17,992,992
"C:\Users\TEST4\qms.hesem.com.vn\_build\qms.hesem.com.vn\10-Training-Academy\01-Competency-System\02-Levels\10-C10\C10-L2.html",1,14,13,1017,1017
"C:\Users\TEST4\qms.hesem.com.vn\_build\qms.hesem.com.vn\10-Training-Academy\01-Competency-System\02-Levels\10-C10\C10-L3.html",1,13,12,884,884
"C:\Users\TEST4\qms.hesem.com.vn\_build\qms.hesem.com.vn\10-Training-Academy\01-Competency-System\02-Levels\10-C10\C10-L4.html",1,11,10,875,875
"C:\Users\TEST4\qms.hesem.com.vn\_build\qms.hesem.com.vn\10-Training-Academy\01-Competency-System\02-Levels\11-C11\C11-L1.html",1,29,28,2031,2031
"C:\Users\TEST4\qms.hesem.com.vn\_build\qms.hesem.com.vn\10-Training-Academy\01-Competency-System\02-Levels\11-C11\C11-L2.html",1,32,31,2063,2063
"C:\Users\TEST4\qms.hesem.com.vn\_build\qms.hesem.com.vn\10-Training-Academy\01-Competency-System\02-Levels\11-C11\C11-L3.html",1,29,28,2238,2238
"C:\Users\TEST4\qms.hesem.com.vn\_build\qms.hesem.com.vn\10-Training-Academy\01-Competency-System\02-Levels\11-C11\C11-L4.html",1,41,40,2301,2301
"C:\Users\TEST4\qms.hesem.com.vn\_build\qms.hesem.com.vn\10-Training-Academy\01-Competency-System\02-Levels\12-C12\C12-L1.html",1,24,23,1530,1530
"C:\Users\TEST4\qms.hesem.com.vn\_build\qms.hesem.com.vn\10-Training-Academy\01-Competency-System\02-Levels\12-C12\C12-L2.html",1,28,27,1623,1623
"C:\Users\TEST4\qms.hesem.com.vn\_build\qms.hesem.com.vn\10-Training-Academy\01-Competency-System\02-Levels\12-C12\C12-L3.html",1,55,54,1711,1711
"C:\Users\TEST4\qms.hesem.com.vn\_build\qms.hesem.com.vn\10-Training-Academy\01-Competency-System\02-Levels\12-C12\C12-L4.html",1,39,38,1826,1826
"C:\Users\TEST4\qms.hesem.com.vn\_build\qms.hesem.com.vn\10-Training-Academy\01-Competency-System\02-Levels\13-C13\C13-L1.html",1,9,8,906,906
"C:\Users\TEST4\qms.hesem.com.vn\_build\qms.hesem.com.vn\10-Training-Academy\01-Competency-System\02-Levels\13-C13\C13-L2.html",1,10,9,904,904
"C:\Users\TEST4\qms.hesem.com.vn\_build\qms.hesem.com.vn\10-Training-Academy\01-Competency-System\02-Levels\13-C13\C13-L3.html",1,10,9,740,740
"C:\Users\TEST4\qms.hesem.com.vn\_build\qms.hesem.com.vn\10-Training-Academy\01-Competency-System\02-Levels\13-C13\C13-L4.html",1,11,10,812,812
"C:\Users\TEST4\qms.hesem.com.vn\_build\qms.hesem.com.vn\10-Training-Academy\01-Competency-System\02-Levels\14-C14\C14-L1.html",1,23,22,1445,1445
"C:\Users\TEST4\qms.hesem.com.vn\_build\qms.hesem.com.vn\10-Training-Academy\01-Competency-System\02-Levels\14-C14\C14-L2.html",1,24,23,1475,1475
"C:\Users\TEST4\qms.hesem.com.vn\_build\qms.hesem.com.vn\10-Training-Academy\01-Competency-System\02-Levels\14-C14\C14-L3.html",1,32,31,1613,1613
"C:\Users\TEST4\qms.hesem.com.vn\_build\qms.hesem.com.vn\10-Training-Academy\01-Competency-System\02-Levels\14-C14\C14-L4.html",1,34,33,1689,1689
"C:\Users\TEST4\qms.hesem.com.vn\_build\qms.hesem.com.vn\10-Training-Academy\01-Competency-System\02-Levels\15-C15\C15-L1.html",1,10,9,1199,1199
"C:\Users\TEST4\qms.hesem.com.vn\_build\qms.hesem.com.vn\10-Training-Academy\01-Competency-System\02-Levels\15-C15\C15-L2.html",1,4,3,940,940
"C:\Users\TEST4\qms.hesem.com.vn\_build\qms.hesem.com.vn\10-Training-Academy\01-Competency-System\02-Levels\15-C15\C15-L3.html",1,11,10,918,918
"C:\Users\TEST4\qms.hesem.com.vn\_build\qms.hesem.com.vn\10-Training-Academy\01-Competency-System\02-Levels\15-C15\C15-L4.html",1,16,15,893,893
"C:\Users\TEST4\qms.hesem.com.vn\_build\qms.hesem.com.vn\10-Training-Academy\01-Competency-System\02-Levels\16-C16\C16-L1.html",1,28,27,1948,1948
"C:\Users\TEST4\qms.hesem.com.vn\_build\qms.hesem.com.vn\10-Training-Academy\01-Competency-System\02-Levels\16-C16\C16-L2.html",1,27,26,1987,1987
"C:\Users\TEST4\qms.hesem.com.vn\_build\qms.hesem.com.vn\10-Training-Academy\01-Competency-System\02-Levels\16-C16\C16-L3.html",1,43,42,2095,2095
"C:\Users\TEST4\qms.hesem.com.vn\_build\qms.hesem.com.vn\10-Training-Academy\01-Competency-System\02-Levels\16-C16\C16-L4.html",1,31,30,2184,2184
"C:\Users\TEST4\qms.hesem.com.vn\_build\qms.hesem.com.vn\10-Training-Academy\01-Competency-System\02-Levels\17-C17\C17-L1.html",1,9,8,846,846
"C:\Users\TEST4\qms.hesem.com.vn\_build\qms.hesem.com.vn\10-Training-Academy\01-Competency-System\02-Levels\17-C17\C17-L2.html",1,4,3,794,794
"C:\Users\TEST4\qms.hesem.com.vn\_build\qms.hesem.com.vn\10-Training-Academy\01-Competency-System\02-Levels\17-C17\C17-L3.html",1,9,8,702,702
"C:\Users\TEST4\qms.hesem.com.vn\_build\qms.hesem.com.vn\10-Training-Academy\01-Competency-System\02-Levels\17-C17\C17-L4.html",1,12,11,940,940
"C:\Users\TEST4\qms.hesem.com.vn\_build\qms.hesem.com.vn\10-Training-Academy\01-Competency-System\02-Levels\18-C18\C18-L1.html",1,5,4,626,626
"C:\Users\TEST4\qms.hesem.com.vn\_build\qms.hesem.com.vn\10-Training-Academy\01-Competency-System\02-Levels\18-C18\C18-L2.html",1,4,3,416,416
"C:\Users\TEST4\qms.hesem.com.vn\_build\qms.hesem.com.vn\10-Training-Academy\01-Competency-System\02-Levels\18-C18\C18-L3.html",1,3,2,314,314
"C:\Users\TEST4\qms.hesem.com.vn\_build\qms.hesem.com.vn\10-Training-Academy\01-Competency-System\02-Levels\18-C18\C18-L4.html",1,5,4,327,327
"C:\Users\TEST4\qms.hesem.com.vn\_build\qms.hesem.com.vn\10-Training-Academy\01-Competency-System\02-Levels\19-C19\C19-L1.html",1,27,26,1394,1394
"C:\Users\TEST4\qms.hesem.com.vn\_build\qms.hesem.com.vn\10-Training-Academy\01-Competency-System\02-Levels\19-C19\C19-L2.html",1,28,27,1445,1445
"C:\Users\TEST4\qms.hesem.com.vn\_build\qms.hesem.com.vn\10-Training-Academy\01-Competency-System\02-Levels\19-C19\C19-L3.html",1,38,37,1621,1621
"C:\Users\TEST4\qms.hesem.com.vn\_build\qms.hesem.com.vn\10-Training-Academy\01-Competency-System\02-Levels\19-C19\C19-L4.html",1,36,35,1774,1774
"C:\Users\TEST4\qms.hesem.com.vn\_build\qms.hesem.com.vn\10-Training-Academy\01-Competency-System\02-Levels\C01-L1.html",1,1,0,0,0
"C:\Users\TEST4\qms.hesem.com.vn\_build\qms.hesem.com.vn\10-Training-Academy\01-Competency-System\02-Levels\C01-L2.html",1,1,0,0,0
"C:\Users\TEST4\qms.hesem.com.vn\_build\qms.hesem.com.vn\10-Training-Academy\01-Competency-System\02-Levels\C01-L3.html",1,1,0,0,0
"C:\Users\TEST4\qms.hesem.com.vn\_build\qms.hesem.com.vn\10-Training-Academy\01-Competency-System\02-Levels\C01-L4.html",1,1,0,0,0
"C:\Users\TEST4\qms.hesem.com.vn\_build\qms.hesem.com.vn\10-Training-Academy\01-Competency-System\02-Levels\C02-L1.html",1,1,0,0,0
"C:\Users\TEST4\qms.hesem.com.vn\_build\qms.hesem.com.vn\10-Training-Academy\01-Competency-System\02-Levels\C02-L2.html",1,1,0,0,0
"C:\Users\TEST4\qms.hesem.com.vn\_build\qms.hesem.com.vn\10-Training-Academy\01-Competency-System\02-Levels\C02-L3.html",1,1,0,0,0
"C:\Users\TEST4\qms.hesem.com.vn\_build\qms.hesem.com.vn\10-Training-Academy\01-Competency-System\02-Levels\C02-L4.html",1,1,0,0,0
"C:\Users\TEST4\qms.hesem.com.vn\_build\qms.hesem.com.vn\10-Training-Academy\01-Competency-System\02-Levels\C03-L1.html",1,1,0,0,0
"C:\Users\TEST4\qms.hesem.com.vn\_build\qms.hesem.com.vn\10-Training-Academy\01-Competency-System\02-Levels\C03-L2.html",1,1,0,0,0
"C:\Users\TEST4\qms.hesem.com.vn\_build\qms.hesem.com.vn\10-Training-Academy\01-Competency-System\02-Levels\C03-L3.html",1,1,0,0,0
"C:\Users\TEST4\qms.hesem.com.vn\_build\qms.hesem.com.vn\10-Training-Academy\01-Competency-System\02-Levels\C03-L4.html",1,1,0,0,0
"C:\Users\TEST4\qms.hesem.com.vn\_build\qms.hesem.com.vn\10-Training-Academy\01-Competency-System\02-Levels\C04-L1.html",1,1,0,0,0
"C:\Users\TEST4\qms.hesem.com.vn\_build\qms.hesem.com.vn\10-Training-Academy\01-Competency-System\02-Levels\C04-L2.html",1,1,0,0,0
"C:\Users\TEST4\qms.hesem.com.vn\_build\qms.hesem.com.vn\10-Training-Academy\01-Competency-System\02-Levels\C04-L3.html",1,1,0,0,0
"C:\Users\TEST4\qms.hesem.com.vn\_build\qms.hesem.com.vn\10-Training-Academy\01-Competency-System\02-Levels\C04-L4.html",1,1,0,0,0
"C:\Users\TEST4\qms.hesem.com.vn\_build\qms.hesem.com.vn\10-Training-Academy\01-Competency-System\02-Levels\C05-L1.html",1,1,0,0,0
"C:\Users\TEST4\qms.hesem.com.vn\_build\qms.hesem.com.vn\10-Training-Academy\01-Competency-System\02-Levels\C05-L2.html",1,1,0,0,0
"C:\Users\TEST4\qms.hesem.com.vn\_build\qms.hesem.com.vn\10-Training-Academy\01-Competency-System\02-Levels\C05-L3.html",1,1,0,0,0
"C:\Users\TEST4\qms.hesem.com.vn\_build\qms.hesem.com.vn\10-Training-Academy\01-Competency-System\02-Levels\C05-L4.html",1,1,0,0,0
"C:\Users\TEST4\qms.hesem.com.vn\_build\qms.hesem.com.vn\10-Training-Academy\01-Competency-System\02-Levels\C06-L1.html",1,1,0,0,0
"C:\Users\TEST4\qms.hesem.com.vn\_build\qms.hesem.com.vn\10-Training-Academy\01-Competency-System\02-Levels\C06-L2.html",1,1,0,0,0
"C:\Users\TEST4\qms.hesem.com.vn\_build\qms.hesem.com.vn\10-Training-Academy\01-Competency-System\02-Levels\C06-L3.html",1,1,0,0,0
"C:\Users\TEST4\qms.hesem.com.vn\_build\qms.hesem.com.vn\10-Training-Academy\01-Competency-System\02-Levels\C06-L4.html",1,1,0,0,0
"C:\Users\TEST4\qms.hesem.com.vn\_build\qms.hesem.com.vn\10-Training-Academy\01-Competency-System\02-Levels\C07-L1.html",1,1,0,0,0
"C:\Users\TEST4\qms.hesem.com.vn\_build\qms.hesem.com.vn\10-Training-Academy\01-Competency-System\02-Levels\C07-L2.html",1,1,0,0,0
"C:\Users\TEST4\qms.hesem.com.vn\_build\qms.hesem.com.vn\10-Training-Academy\01-Competency-System\02-Levels\C07-L3.html",1,1,0,0,0
"C:\Users\TEST4\qms.hesem.com.vn\_build\qms.hesem.com.vn\10-Training-Academy\01-Competency-System\02-Levels\C07-L4.html",1,1,0,0,0
"C:\Users\TEST4\qms.hesem.com.vn\_build\qms.hesem.com.vn\10-Training-Academy\01-Competency-System\02-Levels\C08-L1.html",1,1,0,0,0
"C:\Users\TEST4\qms.hesem.com.vn\_build\qms.hesem.com.vn\10-Training-Academy\01-Competency-System\02-Levels\C08-L2.html",1,1,0,0,0
"C:\Users\TEST4\qms.hesem.com.vn\_build\qms.hesem.com.vn\10-Training-Academy\01-Competency-System\02-Levels\C08-L3.html",1,1,0,0,0
"C:\Users\TEST4\qms.hesem.com.vn\_build\qms.hesem.com.vn\10-Training-Academy\01-Competency-System\02-Levels\C08-L4.html",1,1,0,0,0
"C:\Users\TEST4\qms.hesem.com.vn\_build\qms.hesem.com.vn\10-Training-Academy\01-Competency-System\02-Levels\C09-L1.html",1,1,0,0,0
"C:\Users\TEST4\qms.hesem.com.vn\_build\qms.hesem.com.vn\10-Training-Academy\01-Competency-System\02-Levels\C09-L2.html",1,1,0,0,0
"C:\Users\TEST4\qms.hesem.com.vn\_build\qms.hesem.com.vn\10-Training-Academy\01-Competency-System\02-Levels\C09-L3.html",1,1,0,0,0
"C:\Users\TEST4\qms.hesem.com.vn\_build\qms.hesem.com.vn\10-Training-Academy\01-Competency-System\02-Levels\C09-L4.html",1,1,0,0,0
"C:\Users\TEST4\qms.hesem.com.vn\_build\qms.hesem.com.vn\10-Training-Academy\01-Competency-System\02-Levels\C10-L1.html",1,1,0,0,0
"C:\Users\TEST4\qms.hesem.com.vn\_build\qms.hesem.com.vn\10-Training-Academy\01-Competency-System\02-Levels\C10-L2.html",1,1,0,0,0
"C:\Users\TEST4\qms.hesem.com.vn\_build\qms.hesem.com.vn\10-Training-Academy\01-Competency-System\02-Levels\C10-L3.html",1,1,0,0,0
"C:\Users\TEST4\qms.hesem.com.vn\_build\qms.hesem.com.vn\10-Training-Academy\01-Competency-System\02-Levels\C10-L4.html",1,1,0,0,0
"C:\Users\TEST4\qms.hesem.com.vn\_build\qms.hesem.com.vn\10-Training-Academy\01-Competency-System\02-Levels\C11-L1.html",1,1,0,0,0
"C:\Users\TEST4\qms.hesem.com.vn\_build\qms.hesem.com.vn\10-Training-Academy\01-Competency-System\02-Levels\C11-L2.html",1,1,0,0,0
"C:\Users\TEST4\qms.hesem.com.vn\_build\qms.hesem.com.vn\10-Training-Academy\01-Competency-System\02-Levels\C11-L3.html",1,1,0,0,0
"C:\Users\TEST4\qms.hesem.com.vn\_build\qms.hesem.com.vn\10-Training-Academy\01-Competency-System\02-Levels\C11-L4.html",1,1,0,0,0
"C:\Users\TEST4\qms.hesem.com.vn\_build\qms.hesem.com.vn\10-Training-Academy\01-Competency-System\02-Levels\C12-L1.html",1,1,0,0,0
"C:\Users\TEST4\qms.hesem.com.vn\_build\qms.hesem.com.vn\10-Training-Academy\01-Competency-System\02-Levels\C12-L2.html",1,1,0,0,0
"C:\Users\TEST4\qms.hesem.com.vn\_build\qms.hesem.com.vn\10-Training-Academy\01-Competency-System\02-Levels\C12-L3.html",1,1,0,0,0
"C:\Users\TEST4\qms.hesem.com.vn\_build\qms.hesem.com.vn\10-Training-Academy\01-Competency-System\02-Levels\C12-L4.html",1,1,0,0,0
"C:\Users\TEST4\qms.hesem.com.vn\_build\qms.hesem.com.vn\10-Training-Academy\01-Competency-System\02-Levels\C13-L1.html",1,1,0,0,0
"C:\Users\TEST4\qms.hesem.com.vn\_build\qms.hesem.com.vn\10-Training-Academy\01-Competency-System\02-Levels\C13-L2.html",1,1,0,0,0
"C:\Users\TEST4\qms.hesem.com.vn\_build\qms.hesem.com.vn\10-Training-Academy\01-Competency-System\02-Levels\C13-L3.html",1,1,0,0,0
"C:\Users\TEST4\qms.hesem.com.vn\_build\qms.hesem.com.vn\10-Training-Academy\01-Competency-System\02-Levels\C13-L4.html",1,1,0,0,0
"C:\Users\TEST4\qms.hesem.com.vn\_build\qms.hesem.com.vn\10-Training-Academy\01-Competency-System\02-Levels\C14-L1.html",1,1,0,0,0
"C:\Users\TEST4\qms.hesem.com.vn\_build\qms.hesem.com.vn\10-Training-Academy\01-Competency-System\02-Levels\C14-L2.html",1,1,0,0,0
"C:\Users\TEST4\qms.hesem.com.vn\_build\qms.hesem.com.vn\10-Training-Academy\01-Competency-System\02-Levels\C14-L3.html",1,1,0,0,0
"C:\Users\TEST4\qms.hesem.com.vn\_build\qms.hesem.com.vn\10-Training-Academy\01-Competency-System\02-Levels\C14-L4.html",1,1,0,0,0
"C:\Users\TEST4\qms.hesem.com.vn\_build\qms.hesem.com.vn\10-Training-Academy\01-Competency-System\02-Levels\C15-L1.html",1,1,0,0,0
"C:\Users\TEST4\qms.hesem.com.vn\_build\qms.hesem.com.vn\10-Training-Academy\01-Competency-System\02-Levels\C15-L2.html",1,1,0,0,0
"C:\Users\TEST4\qms.hesem.com.vn\_build\qms.hesem.com.vn\10-Training-Academy\01-Competency-System\02-Levels\C15-L3.html",1,1,0,0,0
"C:\Users\TEST4\qms.hesem.com.vn\_build\qms.hesem.com.vn\10-Training-Academy\01-Competency-System\02-Levels\C15-L4.html",1,1,0,0,0
"C:\Users\TEST4\qms.hesem.com.vn\_build\qms.hesem.com.vn\10-Training-Academy\01-Competency-System\02-Levels\C16-L1.html",1,1,0,0,0
"C:\Users\TEST4\qms.hesem.com.vn\_build\qms.hesem.com.vn\10-Training-Academy\01-Competency-System\02-Levels\C16-L2.html",1,1,0,0,0
"C:\Users\TEST4\qms.hesem.com.vn\_build\qms.hesem.com.vn\10-Training-Academy\01-Competency-System\02-Levels\C16-L3.html",1,1,0,0,0
"C:\Users\TEST4\qms.hesem.com.vn\_build\qms.hesem.com.vn\10-Training-Academy\01-Competency-System\02-Levels\C16-L4.html",1,1,0,0,0
"C:\Users\TEST4\qms.hesem.com.vn\_build\qms.hesem.com.vn\10-Training-Academy\01-Competency-System\02-Levels\C17-L1.html",1,1,0,0,0
"C:\Users\TEST4\qms.hesem.com.vn\_build\qms.hesem.com.vn\10-Training-Academy\01-Competency-System\02-Levels\C17-L2.html",1,1,0,0,0
"C:\Users\TEST4\qms.hesem.com.vn\_build\qms.hesem.com.vn\10-Training-Academy\01-Competency-System\02-Levels\C17-L3.html",1,1,0,0,0
"C:\Users\TEST4\qms.hesem.com.vn\_build\qms.hesem.com.vn\10-Training-Academy\01-Competency-System\02-Levels\C17-L4.html",1,1,0,0,0
"C:\Users\TEST4\qms.hesem.com.vn\_build\qms.hesem.com.vn\10-Training-Academy\01-Competency-System\02-Levels\C18-L1.html",1,1,0,0,0
"C:\Users\TEST4\qms.hesem.com.vn\_build\qms.hesem.com.vn\10-Training-Academy\01-Competency-System\02-Levels\C18-L2.html",1,1,0,0,0
"C:\Users\TEST4\qms.hesem.com.vn\_build\qms.hesem.com.vn\10-Training-Academy\01-Competency-System\02-Levels\C18-L3.html",1,1,0,0,0
"C:\Users\TEST4\qms.hesem.com.vn\_build\qms.hesem.com.vn\10-Training-Academy\01-Competency-System\02-Levels\C18-L4.html",1,1,0,0,0
"C:\Users\TEST4\qms.hesem.com.vn\_build\qms.hesem.com.vn\10-Training-Academy\01-Competency-System\02-Levels\C19-L1.html",1,1,0,0,0
"C:\Users\TEST4\qms.hesem.com.vn\_build\qms.hesem.com.vn\10-Training-Academy\01-Competency-System\02-Levels\C19-L2.html",1,1,0,0,0
"C:\Users\TEST4\qms.hesem.com.vn\_build\qms.hesem.com.vn\10-Training-Academy\01-Competency-System\02-Levels\C19-L3.html",1,1,0,0,0
"C:\Users\TEST4\qms.hesem.com.vn\_build\qms.hesem.com.vn\10-Training-Academy\01-Competency-System\02-Levels\C19-L4.html",1,1,0,0,0
"C:\Users\TEST4\qms.hesem.com.vn\_build\qms.hesem.com.vn\10-Training-Academy\01-Competency-System\02-Levels\index.html",1,1,0,3,3
"C:\Users\TEST4\qms.hesem.com.vn\_build\qms.hesem.com.vn\10-Training-Academy\01-Competency-System\02-Training-Content\03-Practice-Drills\index.html",1,1,0,11,11
"C:\Users\TEST4\qms.hesem.com.vn\_build\qms.hesem.com.vn\10-Training-Academy\01-Competency-System\03-Matrices\training-matrix-engineering.html",1,6,5,187,187
"C:\Users\TEST4\qms.hesem.com.vn\_build\qms.hesem.com.vn\10-Training-Academy\01-Competency-System\03-Matrices\training-matrix-estimating.html",1,5,4,195,195
"C:\Users\TEST4\qms.hesem.com.vn\_build\qms.hesem.com.vn\10-Training-Academy\01-Competency-System\03-Matrices\training-matrix-finance-hr.html",1,9,8,195,195
"C:\Users\TEST4\qms.hesem.com.vn\_build\qms.hesem.com.vn\10-Training-Academy\01-Competency-System\03-Matrices\training-matrix-hse.html",1,5,4,194,194
"C:\Users\TEST4\qms.hesem.com.vn\_build\qms.hesem.com.vn\10-Training-Academy\01-Competency-System\03-Matrices\training-matrix-maintenance.html",1,7,6,188,188
"C:\Users\TEST4\qms.hesem.com.vn\_build\qms.hesem.com.vn\10-Training-Academy\01-Competency-System\03-Matrices\training-matrix-planning-purchasing.html",1,5,4,186,186
"C:\Users\TEST4\qms.hesem.com.vn\_build\qms.hesem.com.vn\10-Training-Academy\01-Competency-System\03-Matrices\training-matrix-production.html",1,6,5,190,190
"C:\Users\TEST4\qms.hesem.com.vn\_build\qms.hesem.com.vn\10-Training-Academy\01-Competency-System\03-Matrices\training-matrix-quality.html",1,5,4,189,189
"C:\Users\TEST4\qms.hesem.com.vn\_build\qms.hesem.com.vn\10-Training-Academy\01-Competency-System\03-Matrices\training-matrix-warehouse.html",1,5,4,180,180
"C:\Users\TEST4\qms.hesem.com.vn\_build\qms.hesem.com.vn\10-Training-Academy\01-Competency-System\03-Matrices\training-matrix.html",1,1,0,167,167
"C:\Users\TEST4\qms.hesem.com.vn\_build\qms.hesem.com.vn\10-Training-Academy\02-Training-Content\01-Modules\C01.html",1,41,40,2049,2049
"C:\Users\TEST4\qms.hesem.com.vn\_build\qms.hesem.com.vn\10-Training-Academy\02-Training-Content\01-Modules\C02.html",1,43,42,2081,2081
"C:\Users\TEST4\qms.hesem.com.vn\_build\qms.hesem.com.vn\10-Training-Academy\02-Training-Content\01-Modules\C03.html",1,42,41,2017,2017
"C:\Users\TEST4\qms.hesem.com.vn\_build\qms.hesem.com.vn\10-Training-Academy\02-Training-Content\01-Modules\C04.html",1,43,42,1972,1972
"C:\Users\TEST4\qms.hesem.com.vn\_build\qms.hesem.com.vn\10-Training-Academy\02-Training-Content\01-Modules\C05.html",1,43,42,2124,2124
"C:\Users\TEST4\qms.hesem.com.vn\_build\qms.hesem.com.vn\10-Training-Academy\02-Training-Content\01-Modules\C06.html",1,57,56,2022,2022
"C:\Users\TEST4\qms.hesem.com.vn\_build\qms.hesem.com.vn\10-Training-Academy\02-Training-Content\01-Modules\C07.html",1,47,46,1962,1962
"C:\Users\TEST4\qms.hesem.com.vn\_build\qms.hesem.com.vn\10-Training-Academy\02-Training-Content\01-Modules\C08.html",1,42,41,2012,2012
"C:\Users\TEST4\qms.hesem.com.vn\_build\qms.hesem.com.vn\10-Training-Academy\02-Training-Content\01-Modules\C09.html",1,40,39,1927,1927
"C:\Users\TEST4\qms.hesem.com.vn\_build\qms.hesem.com.vn\10-Training-Academy\02-Training-Content\01-Modules\C10.html",1,35,34,1890,1890
"C:\Users\TEST4\qms.hesem.com.vn\_build\qms.hesem.com.vn\10-Training-Academy\02-Training-Content\01-Modules\C11.html",1,41,40,1848,1848
"C:\Users\TEST4\qms.hesem.com.vn\_build\qms.hesem.com.vn\10-Training-Academy\02-Training-Content\01-Modules\C12.html",1,45,44,1879,1879
"C:\Users\TEST4\qms.hesem.com.vn\_build\qms.hesem.com.vn\10-Training-Academy\02-Training-Content\01-Modules\C13.html",1,37,36,1963,1963
"C:\Users\TEST4\qms.hesem.com.vn\_build\qms.hesem.com.vn\10-Training-Academy\02-Training-Content\01-Modules\C14.html",1,36,35,1967,1967
"C:\Users\TEST4\qms.hesem.com.vn\_build\qms.hesem.com.vn\10-Training-Academy\02-Training-Content\01-Modules\C15.html",1,36,35,2050,2050
"C:\Users\TEST4\qms.hesem.com.vn\_build\qms.hesem.com.vn\10-Training-Academy\02-Training-Content\01-Modules\C16.html",1,40,39,2034,2034
"C:\Users\TEST4\qms.hesem.com.vn\_build\qms.hesem.com.vn\10-Training-Academy\02-Training-Content\01-Modules\C17.html",1,36,35,1861,1861
"C:\Users\TEST4\qms.hesem.com.vn\_build\qms.hesem.com.vn\10-Training-Academy\02-Training-Content\01-Modules\C18.html",1,40,39,1838,1838
"C:\Users\TEST4\qms.hesem.com.vn\_build\qms.hesem.com.vn\10-Training-Academy\02-Training-Content\01-Modules\C19.html",1,40,39,2056,2056
"C:\Users\TEST4\qms.hesem.com.vn\_build\qms.hesem.com.vn\10-Training-Academy\02-Training-Content\02-OJT-Guides\ojt-role-cam-nc.html",1,1,0,264,264
"C:\Users\TEST4\qms.hesem.com.vn\_build\qms.hesem.com.vn\10-Training-Academy\02-Training-Content\02-OJT-Guides\ojt-role-operator.html",1,1,0,283,283
"C:\Users\TEST4\qms.hesem.com.vn\_build\qms.hesem.com.vn\10-Training-Academy\02-Training-Content\02-OJT-Guides\ojt-role-planner-dispatcher.html",1,2,1,279,279
"C:\Users\TEST4\qms.hesem.com.vn\_build\qms.hesem.com.vn\10-Training-Academy\02-Training-Content\02-OJT-Guides\ojt-role-purchasing.html",1,1,0,262,262
"C:\Users\TEST4\qms.hesem.com.vn\_build\qms.hesem.com.vn\10-Training-Academy\02-Training-Content\02-OJT-Guides\ojt-role-qa-qms.html",1,2,1,269,269
"C:\Users\TEST4\qms.hesem.com.vn\_build\qms.hesem.com.vn\10-Training-Academy\02-Training-Content\02-OJT-Guides\ojt-role-qc-inspector.html",1,2,1,281,281
"C:\Users\TEST4\qms.hesem.com.vn\_build\qms.hesem.com.vn\10-Training-Academy\02-Training-Content\02-OJT-Guides\ojt-role-setup-teamlead.html",1,1,0,269,269
"C:\Users\TEST4\qms.hesem.com.vn\_build\qms.hesem.com.vn\10-Training-Academy\02-Training-Content\02-OJT-Guides\ojt-role-warehouse-receiving.html",1,1,0,255,255
"C:\Users\TEST4\qms.hesem.com.vn\_build\qms.hesem.com.vn\10-Training-Academy\02-Training-Content\02-OJT-Guides\ojt-tracker.html",1,5,4,358,358
"C:\Users\TEST4\qms.hesem.com.vn\_build\qms.hesem.com.vn\10-Training-Academy\02-Training-Content\03-Practice-Drills\drill-cam-release-changecontrol.html",1,1,0,155,155
"C:\Users\TEST4\qms.hesem.com.vn\_build\qms.hesem.com.vn\10-Training-Academy\02-Training-Content\03-Practice-Drills\drill-cost-waste-tool-scrap.html",1,3,2,169,169
"C:\Users\TEST4\qms.hesem.com.vn\_build\qms.hesem.com.vn\10-Training-Academy\02-Training-Content\03-Practice-Drills\drill-customer-ctq-translation.html",1,1,0,151,151
"C:\Users\TEST4\qms.hesem.com.vn\_build\qms.hesem.com.vn\10-Training-Academy\02-Training-Content\03-Practice-Drills\drill-daily-management-tier.html",1,2,1,199,199
"C:\Users\TEST4\qms.hesem.com.vn\_build\qms.hesem.com.vn\10-Training-Academy\02-Training-Content\03-Practice-Drills\drill-joborder-e2e.html",1,5,4,224,224
"C:\Users\TEST4\qms.hesem.com.vn\_build\qms.hesem.com.vn\10-Training-Academy\02-Training-Content\03-Practice-Drills\drill-material-cert-specialprocess.html",1,1,0,177,177
"C:\Users\TEST4\qms.hesem.com.vn\_build\qms.hesem.com.vn\10-Training-Academy\02-Training-Content\03-Practice-Drills\drill-ncr-capa-response.html",1,2,1,216,216
"C:\Users\TEST4\qms.hesem.com.vn\_build\qms.hesem.com.vn\10-Training-Academy\02-Training-Content\03-Practice-Drills\drill-revision-ssot-60s.html",1,6,5,198,198
"C:\Users\TEST4\qms.hesem.com.vn\_build\qms.hesem.com.vn\10-Training-Academy\02-Training-Content\03-Practice-Drills\drill-safety-5s-hazards.html",1,4,3,169,169
"C:\Users\TEST4\qms.hesem.com.vn\_build\qms.hesem.com.vn\10-Training-Academy\02-Training-Content\03-Practice-Drills\drill-setup-firstarticle-ir.html",1,1,0,176,176
"C:\Users\TEST4\qms.hesem.com.vn\_build\qms.hesem.com.vn\10-Training-Academy\02-Training-Content\03-Practice-Drills\drill-shipping-packet-coc.html",1,3,2,180,180
"C:\Users\TEST4\qms.hesem.com.vn\_build\qms.hesem.com.vn\10-Training-Academy\02-Training-Content\03-Practice-Drills\index.html",1,1,0,1,1
"C:\Users\TEST4\qms.hesem.com.vn\_build\qms.hesem.com.vn\10-Training-Academy\03-System-Operations\01-System-Guides\index.html",1,1,0,0,0
"C:\Users\TEST4\qms.hesem.com.vn\_build\qms.hesem.com.vn\10-Training-Academy\03-System-Operations\01-System-Guides\SYS-OPS-01.html",1,34,32,1662,1664
"C:\Users\TEST4\qms.hesem.com.vn\_build\qms.hesem.com.vn\10-Training-Academy\03-System-Operations\01-System-Guides\SYS-OPS-02.html",1,26,25,1845,1845
"C:\Users\TEST4\qms.hesem.com.vn\_build\qms.hesem.com.vn\10-Training-Academy\03-System-Operations\01-System-Guides\SYS-OPS-04.html",4,18,13,1942,1946
"C:\Users\TEST4\qms.hesem.com.vn\_build\qms.hesem.com.vn\10-Training-Academy\03-System-Operations\01-System-Guides\SYS-OPS-06.html",2,24,21,2016,2018
"C:\Users\TEST4\qms.hesem.com.vn\_build\qms.hesem.com.vn\10-Training-Academy\03-System-Operations\01-System-Guides\SYS-OPS-07.html",2,17,14,1780,1782
"C:\Users\TEST4\qms.hesem.com.vn\_build\qms.hesem.com.vn\10-Training-Academy\03-System-Operations\01-System-Guides\SYS-OPS-08.html",3,24,20,1397,1400
"C:\Users\TEST4\qms.hesem.com.vn\_build\qms.hesem.com.vn\10-Training-Academy\03-System-Operations\01-System-Guides\SYS-OPS-09.html",1,20,19,1286,1286
"C:\Users\TEST4\qms.hesem.com.vn\_build\qms.hesem.com.vn\10-Training-Academy\03-System-Operations\01-System-Guides\SYS-OPS-10.html",3,24,20,1584,1587
"C:\Users\TEST4\qms.hesem.com.vn\_build\qms.hesem.com.vn\10-Training-Academy\03-System-Operations\01-System-Guides\SYS-OPS-11.html",1,1,0,70,70
"C:\Users\TEST4\qms.hesem.com.vn\_build\qms.hesem.com.vn\10-Training-Academy\03-System-Operations\01-System-Guides\SYS-OPS-12.html",3,32,28,2605,2608
"C:\Users\TEST4\qms.hesem.com.vn\_build\qms.hesem.com.vn\10-Training-Academy\03-System-Operations\01-System-Guides\SYS-OPS-13.html",1,25,24,1916,1916
"C:\Users\TEST4\qms.hesem.com.vn\_build\qms.hesem.com.vn\10-Training-Academy\03-System-Operations\01-System-Guides\SYS-OPS-14.html",1,17,16,2273,2273
"C:\Users\TEST4\qms.hesem.com.vn\_build\qms.hesem.com.vn\10-Training-Academy\03-System-Operations\01-System-Guides\SYS-OPS-16.html",1,34,33,2633,2633
"C:\Users\TEST4\qms.hesem.com.vn\_build\qms.hesem.com.vn\10-Training-Academy\03-System-Operations\01-System-Guides\SYS-OPS-17.html",1,46,45,3026,3026
"C:\Users\TEST4\qms.hesem.com.vn\_build\qms.hesem.com.vn\10-Training-Academy\03-System-Operations\01-System-Guides\SYS-OPS-18.html",1,13,12,2152,2152
"C:\Users\TEST4\qms.hesem.com.vn\_build\qms.hesem.com.vn\10-Training-Academy\03-System-Operations\01-System-Guides\SYS-OPS-20.html",3,22,18,1979,1982
"C:\Users\TEST4\qms.hesem.com.vn\_build\qms.hesem.com.vn\10-Training-Academy\03-System-Operations\01-System-Guides\SYS-OPS-21.html",1,26,25,1895,1895
"C:\Users\TEST4\qms.hesem.com.vn\_build\qms.hesem.com.vn\10-Training-Academy\03-System-Operations\01-System-Guides\SYS-OPS-22.html",1,32,31,2445,2445
"C:\Users\TEST4\qms.hesem.com.vn\_build\qms.hesem.com.vn\10-Training-Academy\03-System-Operations\01-System-Guides\SYS-OPS-23.html",2,23,20,1855,1857
"C:\Users\TEST4\qms.hesem.com.vn\_build\qms.hesem.com.vn\10-Training-Academy\03-System-Operations\01-System-Guides\SYS-OPS-24.html",2,18,15,1638,1640
"C:\Users\TEST4\qms.hesem.com.vn\_build\qms.hesem.com.vn\10-Training-Academy\03-System-Operations\01-System-Guides\SYS-OPS-26.html",1,18,17,1788,1788
"C:\Users\TEST4\qms.hesem.com.vn\_build\qms.hesem.com.vn\10-Training-Academy\03-System-Operations\01-System-Guides\SYS-OPS-27.html",3,16,12,1822,1825
"C:\Users\TEST4\qms.hesem.com.vn\_build\qms.hesem.com.vn\10-Training-Academy\03-System-Operations\01-System-Guides\SYS-OPS-28.html",2,13,10,1829,1831
"C:\Users\TEST4\qms.hesem.com.vn\_build\qms.hesem.com.vn\10-Training-Academy\03-System-Operations\02-Training-Ops\TRN-OPS-01.html",2,29,26,2645,2647
"C:\Users\TEST4\qms.hesem.com.vn\_build\qms.hesem.com.vn\10-Training-Academy\03-System-Operations\02-Training-Ops\TRN-OPS-02.html",2,44,41,2571,2573
"C:\Users\TEST4\qms.hesem.com.vn\_build\qms.hesem.com.vn\10-Training-Academy\03-System-Operations\02-Training-Ops\TRN-OPS-03.html",1,40,38,1971,1973
"C:\Users\TEST4\qms.hesem.com.vn\_build\qms.hesem.com.vn\10-Training-Academy\03-System-Operations\02-Training-Ops\TRN-OPS-04.html",1,78,77,2192,2192
"C:\Users\TEST4\qms.hesem.com.vn\_build\qms.hesem.com.vn\10-Training-Academy\03-System-Operations\02-Training-Ops\TRN-OPS-05.html",2,30,27,2665,2667
"C:\Users\TEST4\qms.hesem.com.vn\_build\qms.hesem.com.vn\10-Training-Academy\03-System-Operations\02-Training-Ops\TRN-OPS-06.html",3,63,59,2356,2359
"C:\Users\TEST4\qms.hesem.com.vn\_build\qms.hesem.com.vn\10-Training-Academy\03-System-Operations\02-Training-Ops\TRN-OPS-07.html",1,7,6,435,435
"C:\Users\TEST4\qms.hesem.com.vn\_build\qms.hesem.com.vn\10-Training-Academy\03-System-Operations\02-Training-Ops\TRN-OPS-08.html",1,5,4,284,284
"C:\Users\TEST4\qms.hesem.com.vn\_build\qms.hesem.com.vn\10-Training-Academy\03-System-Operations\02-Training-Ops\TRN-OPS-09.html",1,6,5,150,150
"C:\Users\TEST4\qms.hesem.com.vn\_build\qms.hesem.com.vn\10-Training-Academy\03-System-Operations\03-MRR-Pack\mrr-01-job-dossier.html",1,5,4,176,176
"C:\Users\TEST4\qms.hesem.com.vn\_build\qms.hesem.com.vn\10-Training-Academy\03-System-Operations\03-MRR-Pack\mrr-02-setup-fai.html",1,3,2,135,135
"C:\Users\TEST4\qms.hesem.com.vn\_build\qms.hesem.com.vn\10-Training-Academy\03-System-Operations\03-MRR-Pack\mrr-03-inspection-measurement.html",1,3,2,157,157
"C:\Users\TEST4\qms.hesem.com.vn\_build\qms.hesem.com.vn\10-Training-Academy\03-System-Operations\03-MRR-Pack\mrr-04-ncr-capa.html",1,3,2,169,169
"C:\Users\TEST4\qms.hesem.com.vn\_build\qms.hesem.com.vn\10-Training-Academy\03-System-Operations\03-MRR-Pack\mrr-05-supplier-subcon.html",1,3,2,142,142
"C:\Users\TEST4\qms.hesem.com.vn\_build\qms.hesem.com.vn\10-Training-Academy\03-System-Operations\03-MRR-Pack\mrr-06-daily-management.html",1,6,5,126,126
"C:\Users\TEST4\qms.hesem.com.vn\_build\qms.hesem.com.vn\10-Training-Academy\03-System-Operations\03-MRR-Pack\mrr-07-training-cert.html",1,3,2,130,130
"C:\Users\TEST4\qms.hesem.com.vn\_build\qms.hesem.com.vn\10-Training-Academy\03-System-Operations\03-MRR-Pack\mrr-g0-rfq-quote.html",1,4,3,172,172
"C:\Users\TEST4\qms.hesem.com.vn\_build\qms.hesem.com.vn\10-Training-Academy\03-System-Operations\03-MRR-Pack\mrr-g1-contract-kickoff.html",1,4,3,151,151
"C:\Users\TEST4\qms.hesem.com.vn\_build\qms.hesem.com.vn\10-Training-Academy\03-System-Operations\03-MRR-Pack\mrr-g2-engineering-release.html",1,4,3,140,140
"C:\Users\TEST4\qms.hesem.com.vn\_build\qms.hesem.com.vn\10-Training-Academy\03-System-Operations\03-MRR-Pack\mrr-g3-production-fai-release.html",1,4,3,144,144
"C:\Users\TEST4\qms.hesem.com.vn\_build\qms.hesem.com.vn\10-Training-Academy\03-System-Operations\03-MRR-Pack\mrr-g4-final-ship-packet.html",1,4,3,154,154
"C:\Users\TEST4\qms.hesem.com.vn\_build\qms.hesem.com.vn\10-Training-Academy\03-System-Operations\03-MRR-Pack\mrr-g5-closeout-billing.html",1,4,3,145,145
"C:\Users\TEST4\qms.hesem.com.vn\_build\qms.hesem.com.vn\10-Training-Academy\04-Templates-Tools\certificate-template.html",1,4,3,351,351
"C:\Users\TEST4\qms.hesem.com.vn\_build\qms.hesem.com.vn\10-Training-Academy\04-Templates-Tools\competency-metrics.html",1,2,1,90,90
"C:\Users\TEST4\qms.hesem.com.vn\_build\qms.hesem.com.vn\10-Training-Academy\04-Templates-Tools\evidence-naming-rule.html",8,26,4,225,204
"C:\Users\TEST4\qms.hesem.com.vn\_build\qms.hesem.com.vn\10-Training-Academy\04-Templates-Tools\qms-ops-map.html",1,4,3,312,312
"C:\Users\TEST4\qms.hesem.com.vn\_build\qms.hesem.com.vn\10-Training-Academy\04-Templates-Tools\trainee-workbook.html",2,15,6,717,725
"C:\Users\TEST4\qms.hesem.com.vn\_build\qms.hesem.com.vn\10-Training-Academy\04-Templates-Tools\trainer-guide.html",1,5,4,450,450
"C:\Users\TEST4\qms.hesem.com.vn\_build\qms.hesem.com.vn\11-Glossary\dict-data.js",1,2344,2343,177024,177024
"C:\Users\TEST4\qms.hesem.com.vn\_build\qms.hesem.com.vn\11-Glossary\index.html",1,3,2,345,345
"C:\Users\TEST4\qms.hesem.com.vn\_build\qms.hesem.com.vn\assets\style-v9.css",1,1,0,0,0
"C:\Users\TEST4\qms.hesem.com.vn\_build\qms.hesem.com.vn\assets\style.css",1,1,0,0,0
"C:\Users\TEST4\qms.hesem.com.vn\_build\qms.hesem.com.vn\assets\style_scoped.css",1,1,0,0,0
